Date,Weighted_Price
2011-12-31,4.471602874575
2012-01-01,4.806666666666667
2012-01-02,5.0
2012-01-03,5.2524999999999995
2012-01-04,5.208159313655555
2012-01-05,6.2841271510761905
2012-01-06,6.438999047607143
2012-01-07,6.8
2012-01-08,6.95
2012-01-09,6.582769666666667
2012-01-10,6.603
2012-01-11,7.1206848423375
2012-01-12,7.0625
2012-01-13,6.96923652441875
2012-01-14,6.414081197580001
2012-01-15,7.15
2012-01-16,6.714285714285714
2012-01-17,6.1483461580375005
2012-01-18,6.240688438936111
2012-01-19,6.225714285714285
2012-01-20,6.834999999999999
2012-01-21,6.386
2012-01-22,6.485
2012-01-23,6.4075
2012-01-24,6.495555555555556
2012-01-25,6.283663797786111
2012-01-26,6.184091794075
2012-01-27,5.651428571428572
2012-01-28,4.91
2012-01-29,5.696
2012-01-30,5.545
2012-01-31,5.614045455656098
2012-02-01,5.784578347825
2012-02-02,6.170195246214035
2012-02-03,6.205149061870371
2012-02-04,6.0954747419625
2012-02-05,5.8392026684291665
2012-02-06,5.52625
2012-02-07,5.672
2012-02-08,5.7420697509666665
2012-02-09,5.783571428571428
2012-02-10,5.876923076923077
2012-02-11,5.605
2012-02-12,5.6375
2012-02-13,5.648181818181818
2012-02-14,5.19323665560303
2012-02-15,4.945263157894737
2012-02-16,4.577144055188235
2012-02-17,4.6900113628031255
2012-02-18,4.398910980869231
2012-02-19,4.331666666666666
2012-02-20,4.557995986628572
2012-02-21,4.48421715044375
2012-02-22,4.542749342733334
2012-02-23,4.8896573239
2012-02-24,5.13874962668
2012-02-25,5.038870406285715
2012-02-26,4.954744525542857
2012-02-27,5.049619004523077
2012-02-28,4.991630873960714
2012-02-29,4.95272184926
2012-03-01,5.003911482863333
2012-03-02,4.765098423823529
2012-03-03,4.760811041077777
2012-03-04,4.793333333333333
2012-03-05,4.949657762719513
2012-03-06,4.996287446934783
2012-03-07,5.059947778827586
2012-03-08,4.9724712572263154
2012-03-09,5.018074118425
2012-03-10,4.914899488455556
2012-03-11,4.926666666666667
2012-03-12,4.9590000000000005
2012-03-13,5.0746939370225
2012-03-14,5.374872174188462
2012-03-15,5.33782869389375
2012-03-16,5.34076923076923
2012-03-17,5.402222222222223
2012-03-18,5.318928475693334
2012-03-19,5.11387265022
2012-03-20,4.910823482337499
2012-03-21,4.9366666666666665
2012-03-22,4.8782909672666666
2012-03-23,4.76245071715
2012-03-24,4.731428571428571
2012-03-25,4.642
2012-03-26,4.626121242606667
2012-03-27,4.785504216329412
2012-03-28,4.892921830539583
2012-03-29,4.827698761333333
2012-03-30,4.836740067071429
2012-03-31,4.9086644633
2012-04-01,4.816418011217647
2012-04-02,4.932927819879546
2012-04-03,4.968666666666667
2012-04-04,4.936244503809523
2012-04-05,4.959276106614285
2012-04-06,4.923051811154167
2012-04-07,4.8301927848499995
2012-04-08,4.769042307006667
2012-04-09,4.799090909090909
2012-04-10,4.822065650461538
2012-04-11,4.867793801124242
2012-04-12,4.843435406215789
2012-04-13,4.8968365950955555
2012-04-14,4.9762302794962965
2012-04-15,4.957076090463636
2012-04-16,4.96047619047619
2012-04-17,4.986875
2012-04-18,5.0945816996358975
2012-04-19,5.127226817267648
2012-04-20,5.1792245363125
2012-04-21,5.291922534568182
2012-04-22,5.2100387899
2012-04-23,5.15920601368125
2012-04-24,5.0893925899645165
2012-04-25,5.041202056590698
2012-04-26,5.030816926784375
2012-04-27,5.0255418016
2012-04-28,4.948282867594445
2012-04-29,4.902995542028571
2012-04-30,4.950281606237037
2012-05-01,4.967961824393333
2012-05-02,5.08419201134
2012-05-03,5.105032944464516
2012-05-04,5.105194483023404
2012-05-05,5.065191399914285
2012-05-06,5.062596987210345
2012-05-07,5.035625262569048
2012-05-08,5.044669705235294
2012-05-09,5.041008901744827
2012-05-10,4.991689537736364
2012-05-11,4.927250876036
2012-05-12,4.945
2012-05-13,4.943333333333333
2012-05-14,4.926104911291667
2012-05-15,4.9625
2012-05-16,5.01719494155625
2012-05-17,5.022990033096153
2012-05-18,5.049977029252941
2012-05-19,5.064166666666667
2012-05-20,5.05
2012-05-21,5.048484257752381
2012-05-22,5.051258218641666
2012-05-23,5.070078712188
2012-05-24,5.091353622541177
2012-05-25,5.0893749999999995
2012-05-26,5.077692307692308
2012-05-27,5.050792766022222
2012-05-28,5.077857142857143
2012-05-29,5.06357682786081
2012-05-30,5.113079997282857
2012-05-31,5.136570811097959
2012-06-01,5.20599539841
2012-06-02,5.19
2012-06-03,5.193320086687501
2012-06-04,5.188722390130953
2012-06-05,5.356036192552382
2012-06-06,5.4192163815983045
2012-06-07,5.462558787839286
2012-06-08,5.586665193755769
2012-06-09,5.567592877320833
2012-06-10,5.487061504770588
2012-06-11,5.49961740499697
2012-06-12,5.803756465251063
2012-06-13,5.891538661735239
2012-06-14,5.842778807360345
2012-06-15,5.9134438926333335
2012-06-16,6.39863087074127
2012-06-17,6.272997119149231
2012-06-18,6.160980842855384
2012-06-19,6.396294048322222
2012-06-20,6.539941777071428
2012-06-21,6.657400980369444
2012-06-22,6.598596523589189
2012-06-23,6.494622018104349
2012-06-24,6.384365519594737
2012-06-25,6.240497456833333
2012-06-26,6.344247736120513
2012-06-27,6.525389789205147
2012-06-28,6.384516551589844
2012-06-29,6.557282505852942
2012-06-30,6.5702760654941175
2012-07-01,6.568665923334615
2012-07-02,6.607437632111112
2012-07-03,6.562090555570786
2012-07-04,6.495970786994521
2012-07-05,6.622069740755714
2012-07-06,6.549622372206
2012-07-07,6.669648940058108
2012-07-08,6.676595977649091
2012-07-09,6.809873773244943
2012-07-10,7.035563261024299
2012-07-11,7.107861852432143
2012-07-12,7.192802051617647
2012-07-13,7.588703539548937
2012-07-14,7.5284445931976185
2012-07-15,7.496622779385185
2012-07-16,7.68554926055102
2012-07-17,8.248090183756771
2012-07-18,8.810920417472728
2012-07-19,9.044016570401887
2012-07-20,8.226315533812295
2012-07-21,8.716800962495192
2012-07-22,8.635233850418919
2012-07-23,8.623770541268001
2012-07-24,8.594309630046236
2012-07-25,8.481570695308536
2012-07-26,8.621949572094119
2012-07-27,8.849249283254718
2012-07-28,8.891124615253124
2012-07-29,8.736309195422223
2012-07-30,8.776974279934693
2012-07-31,9.199745737432941
2012-08-01,9.352553623205495
2012-08-02,9.687771690878101
2012-08-03,10.740892757976377
2012-08-04,10.912196834900001
2012-08-05,10.475817334361702
2012-08-06,10.779617035931818
2012-08-07,10.785514532321839
2012-08-08,10.887322073106194
2012-08-09,11.231226293304966
2012-08-10,11.17786535817
2012-08-11,11.321710770461538
2012-08-12,11.45888361927027
2012-08-13,11.667088191716536
2012-08-14,12.027636343612903
2012-08-15,12.547880756104478
2012-08-16,13.325146148913044
2012-08-17,14.181339029388111
2012-08-18,11.841461567607407
2012-08-19,9.260435131779802
2012-08-20,9.247931480158279
2012-08-21,10.155463763006566
2012-08-22,10.17025966831632
2012-08-23,9.997308178352501
2012-08-24,10.117547530693164
2012-08-25,10.403661134934783
2012-08-26,10.511683479368422
2012-08-27,11.291136283406779
2012-08-28,10.946593870759562
2012-08-29,10.829016097784724
2012-08-30,10.750705151745453
2012-08-31,10.346418775135767
2012-09-01,10.01529679466129
2012-09-02,9.96324786859672
2012-09-03,10.232956538042018
2012-09-04,10.317238126303923
2012-09-05,10.47304401534066
2012-09-06,10.863209638445783
2012-09-07,11.014452915521368
2012-09-08,10.873784493032257
2012-09-09,10.920702610349206
2012-09-10,10.904798857491526
2012-09-11,10.887588795310045
2012-09-12,11.032263086802548
2012-09-13,11.230750276660377
2012-09-14,11.421603376390001
2012-09-15,11.566979353904761
2012-09-16,11.646008405511365
2012-09-17,11.749904856919354
2012-09-18,11.872647486174314
2012-09-19,12.309612658798077
2012-09-20,12.43230359644
2012-09-21,12.191508362115702
2012-09-22,12.086269472358975
2012-09-23,11.916645927828283
2012-09-24,11.88339758219394
2012-09-25,11.889449713583813
2012-09-26,11.999212947314103
2012-09-27,12.117398208968993
2012-09-28,12.11103062504762
2012-09-29,12.214336000925373
2012-09-30,12.19148367718182
2012-10-01,12.1139805246
2012-10-02,12.3986471914
2012-10-03,12.758224867911112
2012-10-04,12.738903375689025
2012-10-05,12.470259031182648
2012-10-06,12.39045945428866
2012-10-07,11.958112975190476
2012-10-08,11.082982533996047
2012-10-09,11.922079247394736
2012-10-10,11.981737287965219
2012-10-11,11.875190511523256
2012-10-12,11.997941102032609
2012-10-13,11.917870616405406
2012-10-14,11.843349819047619
2012-10-15,11.515769151293023
2012-10-16,11.657999714333334
2012-10-17,11.725440812829788
2012-10-18,11.789466342187499
2012-10-19,11.706504701847134
2012-10-20,11.614641551924242
2012-10-21,11.468494392070175
2012-10-22,11.480045421179687
2012-10-23,11.547511298532374
2012-10-24,11.400309795925926
2012-10-25,10.999885768031495
2012-10-26,10.233769505948551
2012-10-27,10.236638100811364
2012-10-28,10.521645805477272
2012-10-29,10.629280311588609
2012-10-30,10.701103392502825
2012-10-31,10.826328181340314
2012-11-01,10.924566418079646
2012-11-02,10.720820801673685
2012-11-03,10.579144958574803
2012-11-04,10.523601420896
2012-11-05,10.666534097148936
2012-11-06,10.670879999125829
2012-11-07,10.71524425356067
2012-11-08,10.608937061866241
2012-11-09,10.791327186556702
2012-11-10,10.783541610254545
2012-11-11,10.750779675765957
2012-11-12,10.84478330738393
2012-11-13,10.89941496222034
2012-11-14,10.904606175144737
2012-11-15,10.967765154683333
2012-11-16,11.20691064629075
2012-11-17,11.528034449896552
2012-11-18,11.546522626836067
2012-11-19,11.487373240455057
2012-11-20,11.60716905580625
2012-11-21,11.578547932351146
2012-11-22,11.81201521292664
2012-11-23,12.037931265298386
2012-11-24,12.170092348114286
2012-11-25,12.29307448450633
2012-11-26,12.255183518506579
2012-11-27,12.027734812715385
2012-11-28,12.174468771415254
2012-11-29,12.318351923517856
2012-11-30,12.367808011363637
2012-12-01,12.400915286550001
2012-12-02,12.390725106349207
2012-12-03,12.452016470395524
2012-12-04,12.711616593385592
2012-12-05,13.120295160305554
2012-12-06,13.336975134120879
2012-12-07,13.349055617549999
2012-12-08,13.346861429086957
2012-12-09,13.235927302416666
2012-12-10,13.280852346828947
2012-12-11,13.327084602470588
2012-12-12,13.394336940966292
2012-12-13,13.421430500364533
2012-12-14,13.606684147119564
2012-12-15,13.371849724632654
2012-12-16,13.343715079192982
2012-12-17,13.083186532777779
2012-12-18,13.066363703458824
2012-12-19,13.204613562177915
2012-12-20,13.32430968759292
2012-12-21,13.308969852117647
2012-12-22,13.237172882035713
2012-12-23,13.15691078276
2012-12-24,13.128006334306667
2012-12-25,13.161517484803571
2012-12-26,13.117127009789474
2012-12-27,13.098514126045162
2012-12-28,13.167549841374193
2012-12-29,13.2175
2012-12-30,13.216033852719299
2012-12-31,13.196512992396396
2013-01-01,13.073099255823529
2013-01-02,13.121748080393939
2013-01-03,13.147361509614173
2013-01-04,13.154518186536
2013-01-05,13.1394958875
2013-01-06,13.105609513789474
2013-01-07,13.15776079285542
2013-01-08,13.32707937278788
2013-01-09,13.464341625274725
2013-01-10,13.779592797795322
2013-01-11,13.970568892444444
2013-01-12,13.973431726270588
2013-01-13,13.777941439236841
2013-01-14,13.923622529585987
2013-01-15,14.129787132926701
2013-01-16,14.400227881619632
2013-01-17,15.008464585346152
2013-01-18,15.482781061073334
2013-01-19,15.435258029383721
2013-01-20,15.530278491556817
2013-01-21,16.239191136634922
2013-01-22,17.127844745781093
2013-01-23,17.272787536819873
2013-01-24,17.91430816665
2013-01-25,17.117143342042734
2013-01-26,17.076923317435114
2013-01-27,17.46241303542
2013-01-28,18.048152132555
2013-01-29,19.175100560389613
2013-01-30,19.189745670940002
2013-01-31,20.230478439333336
2013-02-01,20.56555396702299
2013-02-02,19.838095461157305
2013-02-03,20.163456846036365
2013-02-04,20.393862906149124
2013-02-05,20.39324437252381
2013-02-06,20.789534214101266
2013-02-07,21.346986163388234
2013-02-08,22.285542561104936
2013-02-09,22.889595861445258
2013-02-10,23.330170564153846
2013-02-11,23.65464891888889
2013-02-12,25.00144398223284
2013-02-13,25.549137680325355
2013-02-14,25.803475023608694
2013-02-15,27.157879545444978
2013-02-16,27.238224822281406
2013-02-17,26.661967002369295
2013-02-18,26.73510753910909
2013-02-19,28.18405200958645
2013-02-20,29.685068397777776
2013-02-21,29.901463658327778
2013-02-22,30.602213441407205
2013-02-23,29.03438304278455
2013-02-24,29.75212549035976
2013-02-25,30.15900858829012
2013-02-26,31.06740380926934
2013-02-27,31.267010060905307
2013-02-28,33.379845669938895
2013-03-01,34.13246101189789
2013-03-02,34.158196555714284
2013-03-03,34.1588611564
2013-03-04,35.588251106505815
2013-03-05,39.726583915173535
2013-03-06,46.34536393617808
2013-03-07,41.96996575322256
2013-03-08,43.039897499529054
2013-03-09,44.61763457177647
2013-03-10,46.287559144605005
2013-03-11,47.44088411476232
2013-03-12,44.30228900832535
2013-03-13,46.22939937123757
2013-03-14,47.360825638957245
2013-03-15,47.1104325997193
2013-03-16,46.783165978187135
2013-03-17,46.98465675645026
2013-03-18,47.785705474129905
2013-03-19,55.086432220180086
2013-03-20,62.479217390610756
2013-03-21,70.28545457149858
2013-03-22,71.42059562797587
2013-03-23,63.72789729597444
2013-03-24,68.61874579028718
2013-03-25,73.55523280107386
2013-03-26,79.05730191491449
2013-03-27,86.75795428189618
2013-03-28,92.10883624498751
2013-03-29,90.29018257125676
2013-03-30,92.4718041535955
2013-03-31,94.12284450212204
2013-04-01,100.41489521803604
2013-04-02,109.46948638279584
2013-04-03,130.95468728784297
2013-04-04,132.97382748491435
2013-04-05,139.4682390205207
2013-04-06,142.08116265287646
2013-04-07,153.41957193950208
2013-04-08,182.5603285815173
2013-04-09,211.4154838651215
2013-04-10,207.06479544402902
2013-04-11,124.66616755192247
2013-04-12,77.31374264678566
2013-04-13,103.40068939323162
2013-04-14,95.97060673523023
2013-04-15,90.61443563250391
2013-04-16,65.47475030134937
2013-04-17,81.96189438833876
2013-04-18,94.52608170189919
2013-04-19,117.07468137183493
2013-04-20,121.64526324352578
2013-04-21,120.79445674237172
2013-04-22,120.83071848192554
2013-04-23,129.5520713080648
2013-04-24,146.41457726168832
2013-04-25,150.3865667212724
2013-04-26,134.6695915137714
2013-04-27,134.07831303084842
2013-04-28,133.35673431413707
2013-04-29,140.57227312791665
2013-04-30,141.6140156888617
2013-05-01,128.5220747907083
2013-05-02,112.2659783435174
2013-05-03,94.05258676361609
2013-05-04,104.43963797527837
2013-05-05,114.3171166459058
2013-05-06,118.76483723966017
2013-05-07,107.79431558681819
2013-05-08,113.0822922575872
2013-05-09,111.63394641292938
2013-05-10,116.10643065768218
2013-05-11,116.03949981397282
2013-05-12,115.43591871809569
2013-05-13,116.20090849942227
2013-05-14,115.75196368482104
2013-05-15,109.67778061777948
2013-05-16,110.87186680798591
2013-05-17,114.8351040359014
2013-05-18,117.636645299865
2013-05-19,117.90182232589947
2013-05-20,117.63770055219217
2013-05-21,117.83379648300135
2013-05-22,118.51627049147518
2013-05-23,120.53929507505335
2013-05-24,125.84546326465441
2013-05-25,128.6924335438467
2013-05-26,129.41892782597463
2013-05-27,129.35692412239447
2013-05-28,125.9250466159829
2013-05-29,127.60702485743336
2013-05-30,129.32892492699534
2013-05-31,127.79911624813869
2013-06-01,128.27839926326212
2013-06-02,123.30825862730735
2013-06-03,120.16227763873488
2013-06-04,121.66771123094088
2013-06-05,120.72273427795082
2013-06-06,120.14550914702207
2013-06-07,113.95926097308049
2013-06-08,109.60781935493092
2013-06-09,99.39906288199704
2013-06-10,102.5716856784497
2013-06-11,106.19270826273141
2013-06-12,107.92812368860491
2013-06-13,106.07273171946092
2013-06-14,100.32195388306106
2013-06-15,99.87629968953362
2013-06-16,99.94909300423663
2013-06-17,100.15254121430281
2013-06-18,104.49272681770701
2013-06-19,105.54884425649573
2013-06-20,106.02030069375682
2013-06-21,101.7286246417178
2013-06-22,100.53165684772982
2013-06-23,99.9748539848531
2013-06-24,98.8786183904145
2013-06-25,99.49129448903368
2013-06-26,98.57066376707881
2013-06-27,97.93029984684148
2013-06-28,91.66111771510029
2013-06-29,89.57389925564114
2013-06-30,89.09129346812081
2013-07-01,86.75621381022738
2013-07-02,86.14394169119318
2013-07-03,84.35316147573886
2013-07-04,77.83562061774792
2013-07-05,72.03183038575713
2013-07-06,67.05685500785279
2013-07-07,67.8386820272006
2013-07-08,74.06340633985741
2013-07-09,73.70773654826039
2013-07-10,78.22420071133686
2013-07-11,86.08437131025498
2013-07-12,92.33787231092505
2013-07-13,89.40807882282553
2013-07-14,91.80153313831987
2013-07-15,92.48427979952781
2013-07-16,92.60486596352631
2013-07-17,91.23002406369726
2013-07-18,83.81155978138476
2013-07-19,84.8190572406507
2013-07-20,86.23475608767369
2013-07-21,85.25760294258359
2013-07-22,86.08180219719323
2013-07-23,86.57438485580613
2013-07-24,87.4857659681704
2013-07-25,89.21000675442517
2013-07-26,90.24781596074106
2013-07-27,88.87065857193076
2013-07-28,89.90837184750897
2013-07-29,92.70776613796471
2013-07-30,94.29181251152312
2013-07-31,98.92372688636866
2013-08-01,97.29957491482332
2013-08-02,96.88013644269839
2013-08-03,95.90904401710601
2013-08-04,96.21513222015292
2013-08-05,97.60467049409863
2013-08-06,98.06236088822943
2013-08-07,97.61684360148881
2013-08-08,95.07566515818318
2013-08-09,93.46015313725948
2013-08-10,93.11680553973237
2013-08-11,93.84313539742858
2013-08-12,94.15226139953114
2013-08-13,96.06075345608934
2013-08-14,99.03029734865711
2013-08-15,98.72262958023977
2013-08-16,97.93717275693297
2013-08-17,98.46699908428963
2013-08-18,99.05508967608168
2013-08-19,102.05045429731459
2013-08-20,103.84345431669978
2013-08-21,107.75128841318224
2013-08-22,111.51344249752033
2013-08-23,108.05756800769922
2013-08-24,108.52419922667897
2013-08-25,111.17266081321728
2013-08-26,112.19146448189223
2013-08-27,116.96219459835655
2013-08-28,118.45608982027778
2013-08-29,118.63982908197437
2013-08-30,121.430600102
2013-08-31,128.46907027875423
2013-09-01,130.2012206786786
2013-09-02,130.66019610683978
2013-09-03,129.6792918305478
2013-09-04,126.96542746583243
2013-09-05,121.60187160282793
2013-09-06,121.25625232655105
2013-09-07,118.76252368805008
2013-09-08,118.76511000104746
2013-09-09,119.52759962679829
2013-09-10,122.72692690145709
2013-09-11,123.08489379398415
2013-09-12,126.8719753915122
2013-09-13,127.63822319944686
2013-09-14,126.14854136265932
2013-09-15,124.7672546275077
2013-09-16,125.89887921915866
2013-09-17,126.77719349076153
2013-09-18,127.37764933503435
2013-09-19,125.9285809146693
2013-09-20,124.00890061551021
2013-09-21,123.28387668136364
2013-09-22,123.02225660492265
2013-09-23,123.17663552700657
2013-09-24,122.8913689181376
2013-09-25,124.29187881281185
2013-09-26,124.24295258127934
2013-09-27,125.68357310764586
2013-09-28,126.49022081650769
2013-09-29,127.47402803794199
2013-09-30,126.14960563982198
2013-10-01,127.11460561988214
2013-10-02,119.57569924564856
2013-10-03,111.83379391692169
2013-10-04,120.92148496259172
2013-10-05,121.55725771205843
2013-10-06,121.79982350859035
2013-10-07,123.21964037775216
2013-10-08,123.77355678375
2013-10-09,125.1641763650047
2013-10-10,125.94521378554641
2013-10-11,126.73282546927807
2013-10-12,127.42655677063252
2013-10-13,129.13562483469067
2013-10-14,135.22247237266393
2013-10-15,137.19596380246304
2013-10-16,143.59622152025548
2013-10-17,141.7336254391508
2013-10-18,147.62774114007033
2013-10-19,161.58647001330573
2013-10-20,165.41852907367732
2013-10-21,173.89826560800643
2013-10-22,189.01618447114478
2013-10-23,195.36907476794292
2013-10-24,193.0829490579342
2013-10-25,181.37353612196603
2013-10-26,181.86760883744344
2013-10-27,187.42734303160435
2013-10-28,194.96951640561562
2013-10-29,199.18272031730325
2013-10-30,202.21941955267422
2013-10-31,200.8098023671532
2013-11-01,202.7881745933429
2013-11-02,204.2249804647383
2013-11-03,206.08282628906093
2013-11-04,217.5683476390967
2013-11-05,236.12561655350183
2013-11-06,255.23160911105535
2013-11-07,283.16836312556853
2013-11-08,314.5135579686248
2013-11-09,342.76713767388424
2013-11-10,304.5200692105982
2013-11-11,332.04445925629943
2013-11-12,349.6837202350588
2013-11-13,378.2548873126949
2013-11-14,410.2829808968454
2013-11-15,419.96204282503965
2013-11-16,431.6221102302219
2013-11-17,458.8532405755319
2013-11-18,536.8088248075612
2013-11-19,620.5784812831278
2013-11-20,539.7017145956297
2013-11-21,656.9830293073959
2013-11-22,740.3852785876115
2013-11-23,834.3670151675218
2013-11-24,804.032022675116
2013-11-25,811.5104820044604
2013-11-26,843.7796220381493
2013-11-27,926.1754515304418
2013-11-28,990.5869740696559
2013-11-29,1059.8018359283558
2013-11-30,1137.7630898451725
2013-12-01,1017.4859216827247
2013-12-02,1012.6251475135789
2013-12-03,1048.2971794859834
2013-12-04,1094.9679607064934
2013-12-05,1040.8929258980493
2013-12-06,945.8596513537474
2013-12-07,724.9194488122794
2013-12-08,730.0826574569386
2013-12-09,864.3252139297704
2013-12-10,938.3442077078763
2013-12-11,908.0493751463184
2013-12-12,865.465006246938
2013-12-13,882.7602122342578
2013-12-14,862.38309831565
2013-12-15,840.6396370960191
2013-12-16,785.270748973105
2013-12-17,686.615600992432
2013-12-18,562.0831246567062
2013-12-19,615.0327572187797
2013-12-20,671.5474956659052
2013-12-21,606.7941129591054
2013-12-22,625.9042363995949
2013-12-23,635.4696705818362
2013-12-24,650.4801753334352
2013-12-25,658.7347454082004
2013-12-26,716.326943392726
2013-12-27,727.9594063145321
2013-12-28,721.1338040641476
2013-12-29,715.5281205480653
2013-12-30,733.6560127499919
2013-12-31,728.7289121487188
2014-01-01,745.3022835484211
2014-01-02,757.8293393504101
2014-01-03,796.7247604782987
2014-01-04,811.281011021777
2014-01-05,867.8307954830226
2014-01-06,938.2668169391128
2014-01-07,885.6486565753947
2014-01-08,814.7261908723228
2014-01-09,821.4768356146991
2014-01-10,824.5829231929214
2014-01-11,878.6550502129475
2014-01-12,863.6508174436923
2014-01-13,818.0244942617769
2014-01-14,822.9749567763074
2014-01-15,835.0645725273587
2014-01-16,833.0675566350001
2014-01-17,800.396524493376
2014-01-18,807.8320352185739
2014-01-19,816.2591745427691
2014-01-20,831.9286600018196
2014-01-21,822.1430427531451
2014-01-22,816.7382973609823
2014-01-23,813.9521707856878
2014-01-24,788.4669287206677
2014-01-25,797.0331379423299
2014-01-26,814.0300913371335
2014-01-27,798.1390332410424
2014-01-28,778.5882142883307
2014-01-29,794.3618304738501
2014-01-30,791.7568311739351
2014-01-31,801.9045488760906
2014-02-01,812.479450764185
2014-02-02,818.058049004721
2014-02-03,809.2335974138691
2014-02-04,804.8055314647597
2014-02-05,801.6408530542672
2014-02-06,779.8045488182825
2014-02-07,720.709905183239
2014-02-08,705.1702313132383
2014-02-09,694.373861311498
2014-02-10,671.6454660406677
2014-02-11,688.2763319762979
2014-02-12,661.5993597358729
2014-02-13,641.8988793232472
2014-02-14,630.6163370695813
2014-02-15,652.1472162992868
2014-02-16,635.6935735503287
2014-02-17,633.9737673013834
2014-02-18,631.0468708257218
2014-02-19,626.8182020469071
2014-02-20,598.9394154900442
2014-02-21,567.7636123956453
2014-02-22,583.6586685823393
2014-02-23,621.4556581673381
2014-02-24,567.7354189870247
2014-02-25,499.0745097663491
2014-02-26,575.0887891892389
2014-02-27,583.9970524093449
2014-02-28,570.5369926595963
2014-03-01,562.3369960598761
2014-03-02,563.3675210533188
2014-03-03,609.7702866696537
2014-03-04,679.7002571188511
2014-03-05,665.570245220197
2014-03-06,665.2029977200775
2014-03-07,642.7092981360304
2014-03-08,621.4135246132105
2014-03-09,631.5741733479831
2014-03-10,629.3516798826786
2014-03-11,627.0207425572404
2014-03-12,639.2534184464266
2014-03-13,642.7586946242515
2014-03-14,635.3297582905418
2014-03-15,633.4088642776901
2014-03-16,633.914959336301
2014-03-17,626.0046215061438
2014-03-18,613.7672022814938
2014-03-19,613.6557655518351
2014-03-20,595.532906587421
2014-03-21,581.7200994777949
2014-03-22,561.9525618978482
2014-03-23,564.0943469030868
2014-03-24,565.0836267289702
2014-03-25,578.0753310557974
2014-03-26,580.5978474931244
2014-03-27,541.5084247537192
2014-03-28,502.67752893365514
2014-03-29,499.351750165553
2014-03-30,467.3055213614916
2014-03-31,456.0855745793816
2014-04-01,476.05663340290204
2014-04-02,464.40922857973965
2014-04-03,435.1417396655089
2014-04-04,444.8621398173814
2014-04-05,452.011873194682
2014-04-06,458.3197855052197
2014-04-07,454.7159459126228
2014-04-08,453.1708629218044
2014-04-09,448.06320125588536
2014-04-10,406.33500361220706
2014-04-11,403.7644169019971
2014-04-12,426.5629477850507
2014-04-13,415.2001851613717
2014-04-14,450.3249236342447
2014-04-15,489.122877527982
2014-04-16,518.596783875236
2014-04-17,505.7783607302558
2014-04-18,487.3195159407436
2014-04-19,494.49726136641567
2014-04-20,504.55471766503007
2014-04-21,501.77451447114953
2014-04-22,495.1011158786673
2014-04-23,490.06073620203773
2014-04-24,489.80356355017693
2014-04-25,463.7979922031907
2014-04-26,458.60043039492604
2014-04-27,450.91369504318806
2014-04-28,438.25714089379005
2014-04-29,445.4136260646527
2014-04-30,445.6619723298467
2014-05-01,456.5395736002279
2014-05-02,451.3752561488028
2014-05-03,441.7383116241368
2014-05-04,436.19877302736904
2014-05-05,432.68456143421383
2014-05-06,428.9421266156655
2014-05-07,439.4689614566264
2014-05-08,444.40353129993304
2014-05-09,448.1706122800115
2014-05-10,453.241467719723
2014-05-11,443.5373297603178
2014-05-12,439.8145801518468
2014-05-13,438.56594633049076
2014-05-14,443.7092394620825
2014-05-15,448.6997157769101
2014-05-16,448.30453665101936
2014-05-17,449.25759371957645
2014-05-18,447.78770480087667
2014-05-19,446.75688980361997
2014-05-20,470.4523962657155
2014-05-21,494.6469170793036
2014-05-22,512.9736587049525
2014-05-23,531.3614946344064
2014-05-24,522.2145424989318
2014-05-25,564.4824909450497
2014-05-26,582.6572002628624
2014-05-27,574.669288329
2014-05-28,574.5285940763922
2014-05-29,569.4805655913158
2014-05-30,599.9502348396555
2014-05-31,621.8122340062872
2014-06-01,646.9156818905166
2014-06-02,638.1286246097177
2014-06-03,666.4350177053285
2014-06-04,642.7320226191044
2014-06-05,654.4798019812356
2014-06-06,656.9396803969794
2014-06-07,651.867734881626
2014-06-08,655.5072230946403
2014-06-09,649.209856456258
2014-06-10,649.8772483468995
2014-06-11,638.0825308963321
2014-06-12,615.0012241690869
2014-06-13,589.7634321612765
2014-06-14,569.5367726603081
2014-06-15,565.6481651679107
2014-06-16,596.9648255100713
2014-06-17,596.0596417942597
2014-06-18,608.3900676610989
2014-06-19,604.9851913997528
2014-06-20,591.7690992883901
2014-06-21,589.3397291964842
2014-06-22,598.9622084159869
2014-06-23,589.6024052599555
2014-06-24,585.3131277031747
2014-06-25,567.8672532141534
2014-06-26,569.4706876981365
2014-06-27,584.8373260482118
2014-06-28,597.0244182886906
2014-06-29,595.7158859736782
2014-06-30,623.8850455264152
2014-07-01,648.6118993362501
2014-07-02,647.4788717265209
2014-07-03,646.6918858482294
2014-07-04,635.9768783602157
2014-07-05,630.046933173515
2014-07-06,633.0452773812597
2014-07-07,626.1659438177013
2014-07-08,622.6975275489491
2014-07-09,623.1787311230516
2014-07-10,616.9053632316737
2014-07-11,625.4092608437198
2014-07-12,634.000316797868
2014-07-13,632.7125457808065
2014-07-14,623.3291373771632
2014-07-15,622.4934028056829
2014-07-16,619.261524982786
2014-07-17,619.5575142885201
2014-07-18,625.4779329014222
2014-07-19,629.22701301103
2014-07-20,624.4328200184437
2014-07-21,621.0155042318036
2014-07-22,622.6502424891971
2014-07-23,620.8981775766287
2014-07-24,608.871425758483
2014-07-25,601.6396963659271
2014-07-26,595.5642219411828
2014-07-27,595.2056076873558
2014-07-28,584.1475030905704
2014-07-29,584.2350446784523
2014-07-30,574.7080914662032
2014-07-31,575.2499371036093
2014-08-01,593.6467095128362
2014-08-02,592.6797059047275
2014-08-03,585.3293716652825
2014-08-04,588.0948508490266
2014-08-05,582.7068980275914
2014-08-06,581.4313731901868
2014-08-07,584.7123829362778
2014-08-08,590.4348527073277
2014-08-09,588.113016965
2014-08-10,589.6443520792059
2014-08-11,583.8278588169862
2014-08-12,568.5751801135413
2014-08-13,551.636934216088
2014-08-14,519.3437080124188
2014-08-15,507.21395951954776
2014-08-16,503.9399816501784
2014-08-17,503.74534319260493
2014-08-18,477.65176562766226
2014-08-19,480.6567237757668
2014-08-20,494.44636274577107
2014-08-21,522.2055335910766
2014-08-22,514.0000833495559
2014-08-23,503.8976176113793
2014-08-24,504.40171120495785
2014-08-25,503.1893991025728
2014-08-26,509.14229442617733
2014-08-27,516.4334734295829
2014-08-28,510.0404588041861
2014-08-29,507.80020132740555
2014-08-30,503.4658520207297
2014-08-31,488.2621638026139
2014-09-01,480.32519854848937
2014-09-02,477.9954348973164
2014-09-03,475.7078147569375
2014-09-04,482.25655303059153
2014-09-05,483.6011799175726
2014-09-06,480.8279452336088
2014-09-07,480.1343227462043
2014-09-08,468.7411954091265
2014-09-09,467.1379419178034
2014-09-10,480.9444051726289
2014-09-11,475.4112861530896
2014-09-12,472.44730497941515
2014-09-13,475.848317041427
2014-09-14,476.9997814902222
2014-09-15,475.54094079285437
2014-09-16,468.8883913510056
2014-09-17,455.78823987379155
2014-09-18,437.22500616
2014-09-19,405.33242880403577
2014-09-20,412.2566426859767
2014-09-21,403.72410852114797
2014-09-22,402.5949969616554
2014-09-23,410.7401960521988
2014-09-24,429.35076785115206
2014-09-25,412.2258084603749
2014-09-26,405.4787714437534
2014-09-27,403.1417903613578
2014-09-28,390.76623327041665
2014-09-29,378.3304829187254
2014-09-30,380.79513988424713
2014-10-01,385.6596988617111
2014-10-02,379.4009515867033
2014-10-03,368.1935791175913
2014-10-04,346.8061411788728
2014-10-05,314.68272470091523
2014-10-06,320.5262712744046
2014-10-07,328.50651997047873
2014-10-08,340.1530396903039
2014-10-09,366.0950923589689
2014-10-10,363.12454295792423
2014-10-11,359.74404475479486
2014-10-12,364.6250906793727
2014-10-13,380.7343577505096
2014-10-14,404.10795211074134
2014-10-15,394.8802426072438
2014-10-16,385.9238757093139
2014-10-17,380.3359852544099
2014-10-18,386.59541320578563
2014-10-19,389.6965380059394
2014-10-20,383.6359284514094
2014-10-21,385.78130584236817
2014-10-22,384.6137967845854
2014-10-23,367.7819302800656
2014-10-24,358.0403597497959
2014-10-25,349.8789230109131
2014-10-26,353.43009388602417
2014-10-27,354.18903629543126
2014-10-28,354.63141612917246
2014-10-29,346.1564528071152
2014-10-30,339.71909809657694
2014-10-31,342.4946212419048
2014-11-01,329.1414329398626
2014-11-02,324.9660300151752
2014-11-03,328.7587347577035
2014-11-04,326.9398523034434
2014-11-05,338.28624247469475
2014-11-06,343.55220656081485
2014-11-07,345.45972921573866
2014-11-08,343.8982569830097
2014-11-09,353.24750393694194
2014-11-10,367.7413119855907
2014-11-11,367.4744411469217
2014-11-12,397.1931675268347
2014-11-13,426.64601922729094
2014-11-14,397.94663608073637
2014-11-15,385.69586878759367
2014-11-16,385.04624706976483
2014-11-17,397.7984429670024
2014-11-18,381.536525864163
2014-11-19,379.2896186215598
2014-11-20,365.29072889166383
2014-11-21,352.95666894325103
2014-11-22,358.525228164811
2014-11-23,360.8052002879476
2014-11-24,376.4416272461992
2014-11-25,383.20998468668586
2014-11-26,371.86906095561744
2014-11-27,371.1122266386409
2014-11-28,369.61148960237534
2014-11-29,378.0628959777681
2014-11-30,376.6792354977327
2014-12-01,378.41124529971
2014-12-02,379.70654161381407
2014-12-03,378.5326175985034
2014-12-04,373.4464355985305
2014-12-05,371.74835466689626
2014-12-06,374.81090312658074
2014-12-07,375.9558602008666
2014-12-08,369.20019586732775
2014-12-09,353.29891544312346
2014-12-10,350.585222725014
2014-12-11,354.3007997455761
2014-12-12,353.80018658431425
2014-12-13,350.2702479001267
2014-12-14,352.7211015197149
2014-12-15,351.70001963448186
2014-12-16,338.23001789541087
2014-12-17,324.8403967117647
2014-12-18,314.47543970977523
2014-12-19,313.0344229560953
2014-12-20,325.2030975501336
2014-12-21,325.1165938059356
2014-12-22,328.7921069587993
2014-12-23,333.7050164377458
2014-12-24,328.91960790178905
2014-12-25,319.89187822568823
2014-12-26,324.09461348466533
2014-12-27,319.01954468826216
2014-12-28,316.1655672498019
2014-12-29,315.47594568816197
2014-12-30,313.06624178305907
2014-12-31,314.5148109213382
2015-01-01,316.0956276820084
2015-01-02,315.25965220328055
2015-01-03,302.4060440495698
2015-01-04,275.2548973293898
2015-01-05,272.13918952307534
2015-01-09,291.88525119843024
2015-01-10,281.66642271027865
2015-01-11,274.40146335089963
2015-01-12,269.46060839490644
2015-01-13,238.75761990036543
2015-01-14,195.72750159451522
2015-01-15,205.24476957188344
2015-01-16,211.73521370575736
2015-01-17,200.99505081083802
2015-01-18,206.98293289706794
2015-01-19,212.5549660357803
2015-01-20,211.15549360007208
2015-01-21,215.61032163282383
2015-01-22,232.87726625929685
2015-01-23,230.94351024611112
2015-01-24,239.74008590520472
2015-01-25,249.3070772972381
2015-01-26,281.4935559342598
2015-01-27,260.46926989049757
2015-01-28,251.98187684266776
2015-01-29,233.31406472949166
2015-01-30,234.05753166636654
2015-01-31,229.23242387009762
2015-02-01,219.64551995660477
2015-02-02,226.9015205230446
2015-02-03,236.6960196215444
2015-02-04,225.45796696437282
2015-02-05,222.34559659713386
2015-02-06,220.04428534225778
2015-02-07,226.95256139352682
2015-02-08,225.21322657751824
2015-02-09,221.05017867192848
2015-02-10,218.65014281787097
2015-02-11,221.1954383591111
2015-02-12,220.44033961989584
2015-02-13,234.04049615044448
2015-02-14,247.5802429727762
2015-02-15,249.29756294615058
2015-02-16,235.08989516977275
2015-02-17,239.97658439430242
2015-02-18,240.3139228143756
2015-02-19,239.2494659628125
2015-02-20,244.93211436116715
2015-02-21,245.5662098868029
2015-02-22,240.21687707768294
2015-02-23,236.61685039737065
2015-02-24,238.8590708690879
2015-02-25,238.182568122529
2015-02-26,236.73691928086956
2015-02-27,250.88388255508087
2015-02-28,251.72057841516167
2015-03-01,251.0140894328556
2015-03-02,263.2470195312622
2015-03-03,274.87522386771764
2015-03-04,277.31203573592654
2015-03-05,269.28769114166084
2015-03-06,272.51585291167663
2015-03-07,273.69157532063
2015-03-08,274.7434767941444
2015-03-09,281.9417429514864
2015-03-10,291.0796690889145
2015-03-11,292.29234496763075
2015-03-12,294.64523940276797
2015-03-13,290.2610258779317
2015-03-14,284.0799944623981
2015-03-15,284.7538593851451
2015-03-16,290.6403581097556
2015-03-17,288.34652744135974
2015-03-18,271.78062997980464
2015-03-19,258.5739631721232
2015-03-20,261.4482890255423
2015-03-21,259.7937238127643
2015-03-22,262.2317767798655
2015-03-23,266.7957319556919
2015-03-24,253.55949144954423
2015-03-25,244.80856656919966
2015-03-26,249.9995030015005
2015-03-27,248.121767464327
2015-03-28,251.42424560659367
2015-03-29,244.88722181843963
2015-03-30,245.27078689811282
2015-03-31,244.95940168267035
2015-04-01,243.24698584814087
2015-04-02,248.54823142267497
2015-04-03,254.08742357484152
2015-04-04,252.8001855281541
2015-04-05,255.88460340442478
2015-04-06,257.7661790535947
2015-04-07,254.310481453537
2015-04-08,248.2969380397153
2015-04-09,243.63995215492824
2015-04-10,237.38287609705654
2015-04-11,236.16139964361508
2015-04-12,236.45479809924853
2015-04-13,231.46274267854474
2015-04-14,218.91465024455064
2015-04-15,220.10189182563462
2015-04-16,226.5068212747481
2015-04-17,223.85311852041767
2015-04-18,222.7365485900585
2015-04-19,224.53547506828124
2015-04-20,224.11788244473777
2015-04-21,226.68030630807365
2015-04-22,235.44679332599466
2015-04-23,234.61615300743878
2015-04-24,231.47634053727597
2015-04-25,228.4531768972152
2015-04-26,219.1590210169933
2015-04-27,221.3595950447039
2015-04-28,225.13425824953748
2015-04-29,224.59570998202096
2015-04-30,231.7510565159902
2015-05-01,234.7918533091571
2015-05-02,233.40760959295804
2015-05-03,238.7060655708941
2015-05-04,238.77775588097663
2015-05-05,234.49444939555363
2015-05-06,233.67287092776854
2015-05-07,231.67906197802728
2015-05-08,240.05330894482637
2015-05-09,242.3581154589186
2015-05-10,240.79577674954126
2015-05-11,240.79618190750503
2015-05-12,240.51434027579162
2015-05-13,241.95736197840313
2015-05-14,236.61266985683605
2015-05-15,237.31936273449523
2015-05-16,236.38553784361304
2015-05-17,235.98340863433566
2015-05-18,235.4002536635105
2015-05-19,232.80095452683412
2015-05-20,233.28480482308288
2015-05-21,235.21563058072826
2015-05-22,236.74794728458514
2015-05-23,239.2873896491097
2015-05-24,239.32719138200633
2015-05-25,236.8993076548684
2015-05-26,236.1406881910995
2015-05-27,235.76205861306295
2015-05-28,235.98198075255047
2015-05-29,235.56771478463241
2015-05-30,233.09600278751472
2015-05-31,231.22829504510696
2015-06-01,226.0510898491786
2015-06-02,224.08230659528493
2015-06-03,225.27414903742485
2015-06-04,224.79057232577355
2015-06-05,223.82477496842873
2015-06-06,224.44327458039473
2015-06-07,223.7699140223926
2015-06-08,225.75483631310345
2015-06-09,229.23798080569597
2015-06-10,228.45180777726793
2015-06-11,228.88206972006836
2015-06-12,229.7072765426377
2015-06-13,230.14093306525854
2015-06-14,232.2149213744558
2015-06-15,234.53728908014313
2015-06-16,240.91834357599834
2015-06-17,249.80409082691082
2015-06-18,247.58454688067943
2015-06-19,247.03745857274663
2015-06-20,242.98036463192943
2015-06-21,243.13661097582923
2015-06-22,245.55603681720643
2015-06-23,244.73257657786812
2015-06-24,241.9429335034678
2015-06-25,241.38977603823838
2015-06-26,241.57021309293384
2015-06-27,245.94684611169794
2015-06-28,249.3673880308253
2015-06-29,252.96906105292825
2015-06-30,262.0167659563256
2015-07-01,258.82938211636844
2015-07-02,256.0126240438634
2015-07-03,254.83337877230215
2015-07-04,257.0929287080432
2015-07-05,264.1150371980884
2015-07-06,272.2574136357232
2015-07-07,267.34947006257494
2015-07-08,268.37247731178246
2015-07-09,269.2096016189191
2015-07-10,281.62317908661714
2015-07-11,291.4510796444419
2015-07-12,306.15082627617534
2015-07-13,293.3392465285923
2015-07-14,290.7647203415098
2015-07-15,290.7781858850252
2015-07-16,281.66892406671633
2015-07-17,277.1712485564435
2015-07-18,278.4706629458616
2015-07-19,276.20536442681816
2015-07-20,277.327812185978
2015-07-21,279.34635214947264
2015-07-22,276.6318407049013
2015-07-23,277.1178744828992
2015-07-24,283.9201111287636
2015-07-25,289.0748052744294
2015-07-26,291.50507366327133
2015-07-27,291.35495851354466
2015-07-28,294.68534488083105
2015-07-29,290.7519526436119
2015-07-30,287.8264577040185
2015-07-31,284.8452457367799
2015-08-01,280.5859168633098
2015-08-02,279.83048777328025
2015-08-03,282.99303380198825
2015-08-04,283.9425680997773
2015-08-05,282.8505132598451
2015-08-06,279.06571380431535
2015-08-07,278.16816941222226
2015-08-08,272.32880651951956
2015-08-09,264.08168452043566
2015-08-10,264.5492073024813
2015-08-11,265.9617509016534
2015-08-12,268.4039624436643
2015-08-13,264.99681931730595
2015-08-14,265.24664058628724
2015-08-15,264.8559137607355
2015-08-16,257.87539458189826
2015-08-17,257.0748398754818
2015-08-18,253.257195020965
2015-08-19,232.00759484228027
2015-08-20,233.3897244621128
2015-08-21,234.05825330675188
2015-08-22,229.7491454054141
2015-08-23,229.94896787393276
2015-08-24,219.86113545896984
2015-08-25,215.51333677881848
2015-08-26,226.03761722143628
2015-08-27,226.19485406417365
2015-08-28,228.5321955342831
2015-08-29,230.00027558214364
2015-08-30,228.48738212798546
2015-08-31,228.96714317824947
2015-09-01,228.3335985220491
2015-09-02,228.58832755546436
2015-09-03,227.71512088693194
2015-09-04,229.47849508147573
2015-09-05,232.94997289879754
2015-09-06,240.27680366343
2015-09-07,240.70108056836628
2015-09-08,243.65432268033547
2015-09-09,240.30853450026413
2015-09-10,238.78726312192157
2015-09-11,239.87232109507542
2015-09-12,237.6117184122375
2015-09-13,231.74482503266748
2015-09-14,229.47849875806358
2015-09-15,229.989014917002
2015-09-16,228.26019511539633
2015-09-17,230.60442755919493
2015-09-18,233.12288332591353
2015-09-19,231.48866692385022
2015-09-20,230.40175885850562
2015-09-21,227.3549695265141
2015-09-22,228.48919672212264
2015-09-23,230.12615017141798
2015-09-24,232.2129167077862
2015-09-25,235.46478471985418
2015-09-26,234.20768857254814
2015-09-27,232.89818389110445
2015-09-28,237.36533329134508
2015-09-29,237.5982359517618
2015-09-30,236.73068402736683
2015-10-01,237.17855202363637
2015-10-02,237.7282829619355
2015-10-03,238.6320245236158
2015-10-04,238.86009104196017
2015-10-05,238.58532327958753
2015-10-06,243.64910867310758
2015-10-07,245.12194018871386
2015-10-08,243.79513354799346
2015-10-09,243.98355557298183
2015-10-10,244.7901673665055
2015-10-11,246.3741556546294
2015-10-12,246.86021759978124
2015-10-13,247.75834520376
2015-10-14,251.5213525117178
2015-10-15,254.34674204850236
2015-10-16,259.69140906616286
2015-10-17,268.3748255995292
2015-10-18,264.9682747595539
2015-10-19,262.9355955322792
2015-10-20,267.4336445513583
2015-10-21,268.3654873753906
2015-10-22,273.0613979855894
2015-10-23,277.3065533737611
2015-10-24,280.1253430731845
2015-10-25,289.8644899285067
2015-10-26,284.59047574330657
2015-10-27,292.7977368457372
2015-10-28,301.559271318812
2015-10-29,310.1013494936702
2015-10-30,324.8169783917752
2015-10-31,321.533384374904
2015-11-01,316.05906898082156
2015-11-02,338.0279117563721
2015-11-03,384.667022973175
2015-11-04,448.6670594690909
2015-11-05,400.25244340086164
2015-11-06,373.02525081473533
2015-11-07,383.94198258282904
2015-11-08,382.21016130287967
2015-11-09,375.30268010932696
2015-11-10,363.01744158696823
2015-11-11,314.77678010959187
2015-11-12,326.9747094959774
2015-11-13,333.34101179685155
2015-11-14,333.2639361570672
2015-11-15,326.6406807666279
2015-11-16,322.3852460079528
2015-11-17,335.19941118780866
2015-11-18,334.1904368276111
2015-11-19,331.1100768965305
2015-11-20,319.7556013499751
2015-11-21,324.6348013484337
2015-11-22,323.8486641189614
2015-11-23,323.3870357492369
2015-11-24,321.0123403415594
2015-11-25,322.94461550276117
2015-11-26,344.3151512507494
2015-11-27,357.1031603739432
2015-11-28,354.7317529777062
2015-11-29,361.61764492296766
2015-11-30,376.2338521740245
2015-12-01,366.5926359517726
2015-12-02,355.96920464789747
2015-12-03,362.5329415822144
2015-12-04,360.3692785471551
2015-12-05,374.8963227141548
2015-12-06,392.03552296198836
2015-12-07,392.7011817748309
2015-12-08,395.31954248979264
2015-12-09,416.8093781111043
2015-12-10,415.13017045786313
2015-12-11,434.460745771308
2015-12-12,432.88979086449643
2015-12-13,435.89837141202275
2015-12-14,441.5192120863889
2015-12-15,455.9082146524498
2015-12-16,456.69574864064975
2015-12-17,455.20893237695884
2015-12-18,459.5051186333677
2015-12-19,462.36069704622355
2015-12-20,451.008784289606
2015-12-21,436.994734017351
2015-12-22,438.00893599977917
2015-12-23,440.1895468528453
2015-12-24,454.3316687625478
2015-12-25,454.81741211626075
2015-12-26,429.4600106900404
2015-12-27,419.25590877495256
2015-12-28,424.15889325689744
2015-12-29,425.20974277666085
2015-12-30,429.36769745698615
2015-12-31,426.38445417343297
2016-01-01,432.7628154918514
2016-01-02,433.10249629227064
2016-01-03,429.0696761569199
2016-01-04,432.4341970969694
2016-01-05,432.35391217932
2016-01-06,430.4041313550626
2016-01-07,448.8302933151561
2016-01-08,454.42111333181737
2016-01-09,450.1671018424947
2016-01-10,444.9996697614211
2016-01-11,446.77510999888267
2016-01-12,445.9670897553014
2016-01-13,430.1564451113685
2016-01-14,430.8309386176176
2016-01-15,401.4575983714823
2016-01-16,371.4398498652257
2016-01-17,383.74369084123646
2016-01-18,382.574236292692
2016-01-19,382.56325252786183
2016-01-20,392.6494265674188
2016-01-21,413.33391721229725
2016-01-22,392.83669390890265
2016-01-23,388.5452029515485
2016-01-24,397.7032118069672
2016-01-25,395.31411945486
2016-01-26,392.95450336426916
2016-01-27,394.09128515441125
2016-01-28,382.9752005858381
2016-01-29,375.8784223402796
2016-01-30,377.4025236174175
2016-01-31,376.6638777317735
2016-02-01,372.50107839670466
2016-02-02,373.15004492034575
2016-02-03,371.0249950967071
2016-02-04,378.64639860959363
2016-02-05,387.0665366102768
2016-02-06,376.19179864277777
2016-02-07,375.68114154038375
2016-02-08,375.4277063281994
2016-02-09,373.2073621270298
2016-02-10,377.95677277332453
2016-02-11,377.8475989780532
2016-02-12,380.7688128391833
2016-02-13,387.624146723819
2016-02-14,398.3818067307559
2016-02-15,401.9694113235467
2016-02-16,402.9997181655243
2016-02-17,414.28310336085985
2016-02-18,419.7353163015943
2016-02-19,419.3904253378837
2016-02-20,430.8822223453532
2016-02-21,437.9102845513158
2016-02-22,436.7300463078905
2016-02-23,425.7082578462209
2016-02-24,420.2071407773245
2016-02-25,422.38172063398474
2016-02-26,423.5005968300623
2016-02-27,431.49832200059757
2016-02-28,428.94706910025053
2016-02-29,435.84954850337596
2016-03-01,433.2446369105058
2016-03-02,430.70268200086446
2016-03-03,420.73500036770815
2016-03-04,418.357791465672
2016-03-05,402.39580593862286
2016-03-06,404.7603358643934
2016-03-07,409.43690931629004
2016-03-08,411.80897462878505
2016-03-09,411.4291176247291
2016-03-10,413.6776722293923
2016-03-11,419.2675973328924
2016-03-12,413.4251424434
2016-03-13,412.8849751588809
2016-03-14,413.7099772295977
2016-03-15,415.59689409499015
2016-03-16,415.2733661051604
2016-03-17,417.9829536279677
2016-03-18,411.34843679676777
2016-03-19,407.03205335635437
2016-03-20,410.0099159880985
2016-03-21,409.16477134382114
2016-03-22,415.1382388706195
2016-03-23,416.676685581237
2016-03-24,416.0816244803884
2016-03-25,415.37487969121776
2016-03-26,415.94462871377704
2016-03-27,421.5563951518409
2016-03-28,422.8482213958675
2016-03-29,417.38348899111713
2016-03-30,412.8838264764672
2016-03-31,415.05821027495796
2016-04-01,415.45494020892545
2016-04-02,418.63589409386464
2016-04-03,417.99605409633483
2016-04-04,418.44511716048856
2016-04-05,421.2459929966593
2016-04-06,421.80598622464856
2016-04-07,420.7005786986667
2016-04-08,421.1076940112604
2016-04-09,416.6909903550593
2016-04-10,419.44694004679263
2016-04-11,420.6397840967262
2016-04-12,424.57035748517507
2016-04-13,424.3722828440628
2016-04-14,423.946965288185
2016-04-15,426.5820877964736
2016-04-16,429.9402630705978
2016-04-17,427.93335682954546
2016-04-18,427.572986588842
2016-04-19,429.5557467392797
2016-04-20,438.5249712802216
2016-04-21,445.09079290724634
2016-04-22,447.4748298725549
2016-04-23,447.8307940223015
2016-04-24,454.50025207409396
2016-04-25,460.97518223359
2016-04-26,465.73486107126513
2016-04-27,459.06251220743485
2016-04-28,445.3871234272147
2016-04-29,451.4158375691358
2016-04-30,452.3254263630484
2016-05-01,450.98166840046554
2016-05-02,445.2492243305011
2016-05-03,447.3483604177581
2016-05-04,447.5799025720411
2016-05-05,447.55307080176084
2016-05-06,453.0402900910031
2016-05-07,458.5801000393742
2016-05-08,457.7561078935715
2016-05-09,459.3490571616629
2016-05-10,455.42499569340566
2016-05-11,453.31820095163266
2016-05-12,451.9436433937325
2016-05-13,454.9665773246728
2016-05-14,455.87271083128593
2016-05-15,456.54721819947133
2016-05-16,456.38109219482203
2016-05-17,453.6619859153802
2016-05-18,454.01886161933714
2016-05-19,448.5530622143464
2016-05-20,441.5912209944989
2016-05-21,442.4224901585612
2016-05-22,440.41793762793935
2016-05-23,440.9857702424856
2016-05-24,444.747389767153
2016-05-25,447.5604653266905
2016-05-26,450.1348601685536
2016-05-27,471.17916066866906
2016-05-28,494.1065843558662
2016-05-29,517.5904116899599
2016-05-30,526.5722133428598
2016-05-31,534.4461887552087
2016-06-01,534.133310770202
2016-06-02,536.2905812942291
2016-06-03,557.8754694562035
2016-06-04,573.8335818588387
2016-06-05,573.9446748807084
2016-06-06,581.9474588383932
2016-06-07,581.3027283097684
2016-06-08,578.531520757127
2016-06-09,577.5955173875471
2016-06-10,576.1466508724054
2016-06-11,583.8279795915839
2016-06-12,640.6218565527324
2016-06-13,689.4684314814032
2016-06-14,687.2024080492373
2016-06-15,684.8800495259667
2016-06-16,740.8853618210259
2016-06-17,747.8933074195915
2016-06-18,750.8203825018313
2016-06-19,755.3209009420538
2016-06-20,745.9130603869362
2016-06-21,681.8065627475074
2016-06-22,648.389386034067
2016-06-23,590.732054563888
2016-06-24,653.3422023024589
2016-06-25,668.8945174278848
2016-06-26,635.4972668899079
2016-06-27,639.3354720099646
2016-06-28,648.090720856829
2016-06-29,632.5200495200993
2016-06-30,654.090462706737
2016-07-01,674.7389972298406
2016-07-02,690.3409859199623
2016-07-03,672.976588431153
2016-07-04,670.5369564370534
2016-07-05,672.4558192627752
2016-07-06,673.9253865683727
2016-07-07,640.3057653254871
2016-07-08,647.3403357468595
2016-07-09,649.07720800084
2016-07-10,645.912499491841
2016-07-11,648.6422512505164
2016-07-12,659.8486348150554
2016-07-13,662.1590239223682
2016-07-14,658.2194347360875
2016-07-15,663.5715819433502
2016-07-16,663.2384001059454
2016-07-17,671.4422253267084
2016-07-18,676.7470957055311
2016-07-19,671.5202808929645
2016-07-20,669.6267082520427
2016-07-21,663.8295306108527
2016-07-22,657.9210088861083
2016-07-23,653.1455004440876
2016-07-24,656.6016781463118
2016-07-25,656.1049350663721
2016-07-26,651.2309179855756
2016-07-27,653.406301177655
2016-07-28,654.5722265002571
2016-07-29,654.9442286226791
2016-07-30,654.9511219699127
2016-07-31,633.931889777934
2016-08-01,619.3114357651804
2016-08-02,588.3719172643109
2016-08-03,549.3363452416527
2016-08-04,570.7712872375973
2016-08-05,570.7935364519242
2016-08-06,573.990091117203
2016-08-07,590.7394875644056
2016-08-08,589.5620716084865
2016-08-09,585.843807166184
2016-08-10,590.535374698101
2016-08-11,592.1279766277644
2016-08-12,586.1933583391152
2016-08-13,585.7346167505593
2016-08-14,572.0047193970645
2016-08-15,567.0074477049891
2016-08-16,571.792290579207
2016-08-17,572.5437548442121
2016-08-18,572.0936208184269
2016-08-19,571.9488877289215
2016-08-20,575.5986996470259
2016-08-21,578.5547474863874
2016-08-22,580.3839739860782
2016-08-23,581.5431092070259
2016-08-24,578.6948186936481
2016-08-25,574.7285937339003
2016-08-26,577.221915010558
2016-08-27,571.9267510976639
2016-08-28,570.575457757632
2016-08-29,573.3263288517079
2016-08-30,574.6318381120421
2016-08-31,571.8429275965143
2016-09-01,570.3948414501949
2016-09-02,570.874358145534
2016-09-03,577.796649359829
2016-09-04,600.2736841085818
2016-09-05,602.4290195717266
2016-09-06,605.8713616566976
2016-09-07,610.5892995333334
2016-09-08,622.032777515522
2016-09-09,621.1255250000316
2016-09-10,622.2696356489786
2016-09-11,616.69994558897
2016-09-12,605.7207737958933
2016-09-13,607.0668014790145
2016-09-14,608.4349871364982
2016-09-15,606.9779812405561
2016-09-16,606.554192251676
2016-09-17,604.5760022345755
2016-09-18,606.2092035452966
2016-09-19,607.5321067528027
2016-09-20,607.0987703671822
2016-09-21,595.075032658573
2016-09-22,595.2308422202169
2016-09-23,597.7410481543673
2016-09-24,600.7876707032124
2016-09-25,598.87852701527
2016-09-26,602.5389395800428
2016-09-27,603.9529778944852
2016-09-28,603.5204698374018
2016-09-29,603.9686505855374
2016-09-30,605.0148624907877
2016-10-01,611.9184892983025
2016-10-02,609.0192909889423
2016-10-03,609.8476293700123
2016-10-04,607.9558536414814
2016-10-05,609.0584022677807
2016-10-06,609.3123292799207
2016-10-07,612.3482935378984
2016-10-08,614.4084328788359
2016-10-09,612.9436274468827
2016-10-10,614.5995012990586
2016-10-11,630.9348656202723
2016-10-12,636.1102666442806
2016-10-13,634.897113512802
2016-10-14,635.5587002391786
2016-10-15,638.4365597766052
2016-10-16,638.1881245478035
2016-10-17,636.023350126849
2016-10-18,635.7585974915124
2016-10-19,631.2949952416
2016-10-20,627.6645103708587
2016-10-21,629.4816216911772
2016-10-22,641.9539995128537
2016-10-23,651.1553014930552
2016-10-24,647.9632953926625
2016-10-25,652.1006279872978
2016-10-26,663.9655763225986
2016-10-27,679.8848661129773
2016-10-28,684.7155801623504
2016-10-29,704.2785683289361
2016-10-30,701.5786237671482
2016-10-31,698.3033010656724
2016-11-01,722.1221105932403
2016-11-02,724.9345463293936
2016-11-03,720.3729949655824
2016-11-04,697.5936663467486
2016-11-05,701.7660122476113
2016-11-06,706.8505307985638
2016-11-07,704.2206313490022
2016-11-08,706.167943906317
2016-11-09,725.9224020769258
2016-11-10,714.9045867887124
2016-11-11,715.5151857423502
2016-11-12,707.478708946944
2016-11-13,694.0922768243058
2016-11-14,700.9711946657218
2016-11-15,711.23694316015
2016-11-16,725.3337177849862
2016-11-17,743.5948728471416
2016-11-18,743.3346335697715
2016-11-19,748.3034302533979
2016-11-20,736.085115567894
2016-11-21,732.9764378766148
2016-11-22,742.4965728127892
2016-11-23,740.8370745612779
2016-11-24,735.8466226440538
2016-11-25,732.9295365412814
2016-11-26,730.6788505631034
2016-11-27,727.7966127587326
2016-11-28,729.4591003734304
2016-11-29,730.2673696468192
2016-11-30,738.2563887483833
2016-12-01,748.7755789838312
2016-12-02,767.2400429479454
2016-12-03,762.0359886247036
2016-12-04,759.7063533362822
2016-12-05,751.5064558380948
2016-12-06,755.5254561186147
2016-12-07,761.8890247944904
2016-12-08,767.6566698893841
2016-12-09,769.9250004337358
2016-12-10,772.2997077565636
2016-12-11,768.3282887763762
2016-12-12,774.6478475770749
2016-12-13,778.6206684995476
2016-12-14,777.0291029257241
2016-12-15,777.1455362863711
2016-12-16,778.8884116188926
2016-12-17,787.0194895428685
2016-12-18,787.9007900098289
2016-12-19,790.8717791719012
2016-12-20,791.8822899956275
2016-12-21,814.3945028386119
2016-12-22,857.1803870661294
2016-12-23,898.1813976966856
2016-12-24,900.0836004971941
2016-12-25,875.759740980123
2016-12-26,899.1383653335288
2016-12-27,919.1406079473084
2016-12-28,957.1142259906106
2016-12-29,968.3166372708145
2016-12-30,952.7091776124382
2016-12-31,956.367352554694
2017-01-01,981.6376879920928
2017-01-02,1013.1994836992341
2017-01-03,1019.992994631096
2017-01-04,1079.4340270746718
2017-01-05,1039.6553965903497
2017-01-06,930.9844761346293
2017-01-07,869.2476594676668
2017-01-08,915.2058142519439
2017-01-09,893.537224788353
2017-01-10,902.9640835240531
2017-01-11,839.5725957217129
2017-01-12,782.9702808317381
2017-01-13,807.3498780822555
2017-01-14,827.6149887666197
2017-01-15,817.0549635712499
2017-01-16,827.9068965405178
2017-01-17,876.8278190944579
2017-01-18,884.843356807933
2017-01-19,893.3780993527397
2017-01-20,895.3392533554093
2017-01-21,917.3512248033184
2017-01-22,921.0022294154252
2017-01-23,920.1016255163474
2017-01-24,906.5010226230745
2017-01-25,894.133240108852
2017-01-26,906.2160058601233
2017-01-27,917.3030716743561
2017-01-28,918.1126617799866
2017-01-29,916.4743844403479
2017-01-30,917.2173952373223
2017-01-31,941.6948909087207
2017-02-01,970.9856009977258
2017-02-02,993.3083895137148
2017-02-03,1011.6286481296514
2017-02-04,1018.9953495795555
2017-02-05,1018.327562124937
2017-02-06,1021.352131064914
2017-02-07,1042.1684467340249
2017-02-08,1053.3610815421803
2017-02-09,1020.9456760045042
2017-02-10,977.8629990185548
2017-02-11,1007.5524453870381
2017-02-12,1002.9858857063558
2017-02-13,997.7974196141666
2017-02-14,1006.3201472928425
2017-02-15,1009.3018832586176
2017-02-16,1027.246521442989
2017-02-17,1047.2750538860962
2017-02-18,1061.415463566893
2017-02-19,1052.5456970824373
2017-02-20,1058.0393032232464
2017-02-21,1102.1560277645744
2017-02-22,1123.4985109246993
2017-02-23,1148.6465192580952
2017-02-24,1185.0335216113758
2017-02-25,1166.1792613968285
2017-02-26,1165.8244162493409
2017-02-27,1186.2484776277777
2017-02-28,1192.389138528442
2017-03-01,1207.455749043086
2017-03-02,1241.0703039732844
2017-03-03,1272.9377266123702
2017-03-04,1267.6970081222757
2017-03-05,1258.6520904332838
2017-03-06,1274.8070206383868
2017-03-07,1251.99252843223
2017-03-08,1195.6930870610358
2017-03-09,1178.1794222096773
2017-03-10,1202.420779866336
2017-03-11,1167.1876736472043
2017-03-12,1198.4495991848357
2017-03-13,1234.4018405076922
2017-03-14,1244.6406572076924
2017-03-15,1251.6364505240888
2017-03-16,1218.6272207169254
2017-03-17,1130.215075149304
2017-03-18,1032.710789708256
2017-03-19,1009.8453678806069
2017-03-20,1034.6969645318454
2017-03-21,1084.5114656493163
2017-03-22,1051.7635140358898
2017-03-23,1036.1603172187292
2017-03-24,989.2708609476545
2017-03-25,926.4299970689157
2017-03-26,965.6647718384514
2017-03-27,1002.1217316751429
2017-03-28,1044.2849643268175
2017-03-29,1033.1074777278739
2017-03-30,1033.1810652222741
2017-03-31,1051.6547076463596
2017-04-01,1077.549240361317
2017-04-02,1080.5936711567913
2017-04-03,1126.75747505851
2017-04-04,1142.21000678605
2017-04-05,1129.667538618336
2017-04-06,1167.5770524199095
2017-04-07,1189.5167429260525
2017-04-08,1187.6849010190115
2017-04-09,1195.2263193941758
2017-04-10,1207.9652680844904
2017-04-11,1213.4894881716145
2017-04-12,1217.0043352694784
2017-04-13,1186.5392008140545
2017-04-14,1171.8911604797834
2017-04-15,1178.3230001337931
2017-04-16,1168.5849291604598
2017-04-17,1173.3932078539112
2017-04-18,1201.0701138789966
2017-04-19,1201.0539023711538
2017-04-20,1220.9909587109598
2017-04-21,1241.4508367305623
2017-04-22,1236.7279599848541
2017-04-23,1235.9590711545031
2017-04-24,1244.1463226028695
2017-04-25,1265.3097667421137
2017-04-26,1289.5089959983634
2017-04-27,1313.5646589238584
2017-04-28,1323.9591369769578
2017-04-29,1329.8945118621114
2017-04-30,1331.4286368618539
2017-05-01,1377.4017671821916
2017-05-02,1434.142637834252
2017-05-03,1472.3605155305918
2017-05-04,1540.260873989047
2017-05-05,1556.9845005293164
2017-05-06,1540.8298865545241
2017-05-07,1541.9670501659953
2017-05-08,1588.2436866276355
2017-05-09,1704.9144768664773
2017-05-10,1746.720333534335
2017-05-11,1827.4379292281433
2017-05-12,1769.3677022250902
2017-05-13,1704.1525350546658
2017-05-14,1781.9929602910654
2017-05-15,1732.0287646857776
2017-05-16,1709.2700574744817
2017-05-17,1774.7255333397418
2017-05-18,1825.4742787193547
2017-05-19,1926.1694922761872
2017-05-20,1973.9212155227822
2017-05-21,2022.2277678510686
2017-05-22,2110.7332839813525
2017-05-23,2192.7857281857964
2017-05-24,2367.0488623942497
2017-05-25,2555.1873316511483
2017-05-26,2384.44656108388
2017-05-27,2096.4010460433565
2017-05-28,2188.833978015909
2017-05-29,2240.701768698607
2017-05-30,2273.4726421428672
2017-05-31,2253.7657737641007
2017-06-01,2389.755090344965
2017-06-02,2429.302911934745
2017-06-03,2518.570964156763
2017-06-04,2524.7699031075244
2017-06-05,2602.1225099568214
2017-06-06,2834.813399518296
2017-06-07,2814.7588783951774
2017-06-08,2753.463649791877
2017-06-09,2823.998928768916
2017-06-10,2855.133053605852
2017-06-11,2907.1849046281804
2017-06-12,2798.4410824857246
2017-06-13,2715.913930990941
2017-06-14,2651.4243313765082
2017-06-15,2355.8537199926677
2017-06-16,2451.3388580671244
2017-06-17,2556.815918280446
2017-06-18,2564.159564217594
2017-06-19,2558.226580290431
2017-06-20,2661.553578713713
2017-06-21,2711.8828111902544
2017-06-22,2681.025246082412
2017-06-23,2718.037478484816
2017-06-24,2653.557365916567
2017-06-25,2557.95341327474
2017-06-26,2463.35296121397
2017-06-27,2406.9537841523133
2017-06-28,2534.057020479128
2017-06-29,2558.441582167084
2017-06-30,2523.5145578312054
2017-07-01,2461.34872184179
2017-07-02,2445.2220216764317
2017-07-03,2524.745824665077
2017-07-04,2596.789186031598
2017-07-05,2569.791088262275
2017-07-06,2593.5395124194274
2017-07-07,2541.728015714823
2017-07-08,2515.649259745349
2017-07-09,2538.776552615617
2017-07-10,2451.188852468107
2017-07-11,2339.393717280643
2017-07-12,2344.1274881271247
2017-07-13,2370.355093172328
2017-07-14,2277.4830701495644
2017-07-15,2072.4144247225504
2017-07-16,1938.9989240757768
2017-07-17,2057.216587550877
2017-07-18,2280.8116252649406
2017-07-19,2311.2961549699858
2017-07-20,2497.524333284975
2017-07-21,2718.7499056848696
2017-07-22,2782.444535968267
2017-07-23,2766.018589895213
2017-07-24,2753.580561578655
2017-07-25,2619.396349973734
2017-07-26,2498.5811447997876
2017-07-27,2569.732478442402
2017-07-28,2737.846356399857
2017-07-29,2717.0487735077854
2017-07-30,2674.908119592733
2017-07-31,2761.6551386447013
2017-08-01,2765.775441989622
2017-08-02,2713.653662839309
2017-08-03,2743.787178992012
2017-08-04,2828.7324743130466
2017-08-05,3159.418898963143
2017-08-06,3236.131553545652
2017-08-07,3310.659676238925
2017-08-08,3416.014058907563
2017-08-09,3340.4985523869686
2017-08-10,3393.033074365665
2017-08-11,3504.1066526456293
2017-08-12,3760.238543149748
2017-08-13,4022.941193268842
2017-08-14,4170.695620217533
2017-08-15,4166.3745425175275
2017-08-16,4167.250529014702
2017-08-17,4345.911638694841
2017-08-18,4227.16023072556
2017-08-19,4053.3776137049645
2017-08-20,4059.51804763089
2017-08-21,4021.185016969147
2017-08-22,3921.7669072629883
2017-08-23,4141.855469677583
2017-08-24,4180.333790890621
2017-08-25,4356.44703617539
2017-08-26,4310.661740042455
2017-08-27,4340.43389108118
2017-08-28,4304.709332845396
2017-08-29,4464.9189842242085
2017-08-30,4575.678175982112
2017-08-31,4670.16309111381
2017-09-01,4801.726152504463
2017-09-02,4681.924885268864
2017-09-03,4575.300758474092
2017-09-04,4361.0020818459025
2017-09-05,4251.829198648715
2017-09-06,4528.628474444762
2017-09-07,4584.060894554641
2017-09-08,4477.904309364486
2017-09-09,4292.01764763432
2017-09-10,4178.968042202979
2017-09-11,4210.156444826401
2017-09-12,4252.754073134468
2017-09-13,3932.675742032305
2017-09-14,3622.588150169026
2017-09-15,3409.0054310536857
2017-09-16,3695.8186297388656
2017-09-17,3634.043061056023
2017-09-18,3940.758767294689
2017-09-19,3962.6507356093134
2017-09-20,3937.2882574155396
2017-09-21,3788.97034512806
2017-09-22,3625.96812294192
2017-09-23,3715.5657516172937
2017-09-24,3694.9808246963153
2017-09-25,3822.0762837231873
2017-09-26,3914.6947590835352
2017-09-27,4037.267976628481
2017-09-28,4188.296366787969
2017-09-29,4144.69730767386
2017-09-30,4271.513593324573
2017-10-01,4290.272278589147
2017-10-02,4395.624036640304
2017-10-03,4309.744082427025
2017-10-04,4247.8427959968685
2017-10-05,4256.718232091371
2017-10-06,4359.781138737133
2017-10-07,4351.408802932462
2017-10-08,4497.856967223393
2017-10-09,4644.257043032598
2017-10-10,4811.672484697504
2017-10-11,4787.495371126676
2017-10-12,5116.37117208289
2017-10-13,5617.70742300007
2017-10-14,5666.540040318906
2017-10-15,5608.239015452096
2017-10-16,5673.460489912518
2017-10-17,5624.515181764939
2017-10-18,5401.502041588835
2017-10-19,5653.861011806982
2017-10-20,5789.820452306277
2017-10-21,6072.970268306421
2017-10-22,5909.2537383472645
2017-10-23,5866.64449978607
2017-10-24,5658.646805951572
2017-10-25,5547.22181180594
2017-10-26,5827.235680004516
2017-10-27,5820.642063519375
2017-10-28,5748.121104280506
2017-10-29,5890.569037306755
2017-10-30,6122.311358604302
2017-10-31,6241.215401678732
2017-11-01,6502.559380843147
2017-11-02,6952.020765214634
2017-11-03,7240.285579959721
2017-11-04,7258.382874781844
2017-11-05,7458.414757038106
2017-11-06,7227.118230046513
2017-11-07,7102.391076580251
2017-11-08,7386.463336391788
2017-11-09,7244.0399783568055
2017-11-10,6960.031576527164
2017-11-11,6554.555889592372
2017-11-12,6113.26426457432
2017-11-13,6347.140202244467
2017-11-14,6590.110155162141
2017-11-15,7047.112552616398
2017-11-16,7461.8509698074495
2017-11-17,7826.84843816277
2017-11-18,7696.234055591439
2017-11-19,7827.131551353376
2017-11-20,8090.706961414415
2017-11-21,8157.120615929167
2017-11-22,8194.445675129433
2017-11-23,8174.598065053015
2017-11-24,8167.721857813329
2017-11-25,8431.992744482324
2017-11-26,8971.770344226634
2017-11-27,9555.697055042778
2017-11-28,9832.286235978874
2017-11-29,10416.668393032614
2017-11-30,9887.543386804515
2017-12-01,10194.258507656845
2017-12-02,10937.496732534446
2017-12-03,11291.622579057102
2017-12-04,11345.150015838082
2017-12-05,11654.246298835087
2017-12-06,12577.930351895833
2017-12-07,14775.059048403471
2017-12-08,15429.64789883125
2017-12-09,14804.00010605625
2017-12-10,14132.601710642362
2017-12-11,16200.09235478889
2017-12-12,16730.288683196104
2017-12-13,16539.760724362503
2017-12-14,16337.658675465214
2017-12-15,17362.36948776832
2017-12-16,18176.445040534494
2017-12-17,19186.16961025625
2017-12-18,18716.81145947778
2017-12-19,18318.874083903404
2017-12-20,16831.69035647014
2017-12-21,16219.341431540277
2017-12-22,13756.40563389091
2017-12-23,14765.470556031943
2017-12-24,13652.628406286805
2017-12-25,13964.861683658317
2017-12-26,15242.607796604862
2017-12-27,15579.674561490972
2017-12-28,14246.326809279168
2017-12-29,14533.092247334027
2017-12-30,13207.977744208332
2017-12-31,13337.513232213194
2018-01-01,13422.567010480281
2018-01-02,13877.579910547918
2018-01-03,14962.379077539583
2018-01-04,14816.625467838887
2018-01-05,15790.446145316666
2018-01-06,16665.268807738194
2018-01-07,16516.385961708333
2018-01-08,15299.470658760418
2018-01-09,14867.467959925696
2018-01-10,14192.252139563889
2018-01-11,13695.10179990795
2018-01-12,13658.615849732869
2018-01-13,14225.001391134028
2018-01-14,13678.343443949827
2018-01-15,13821.791453646527
2018-01-16,12163.32296559722
2018-01-17,10679.943137175695
2018-01-18,11494.871755379167
2018-01-19,11513.812274693057
2018-01-20,12472.528148811978
2018-01-21,11894.038151210563
2018-01-22,11130.995062939457
2018-01-23,10724.385998604794
2018-01-24,11008.631785756796
2018-01-25,11300.367389716273
2018-01-26,11009.29280810622
2018-01-27,11238.781031658245
2018-01-28,11673.754262195804
2018-01-29,11283.930538125524
2018-01-30,10625.622069799092
2018-01-31,9985.909391786596
2018-02-01,9495.673632278706
2018-02-02,8557.564053708194
2018-02-03,8910.51473036764
2018-02-04,8718.772985557163
2018-02-05,7611.002286218681
2018-02-06,6828.327463351181
2018-02-07,7913.127095914594
2018-02-08,8216.651519715004
2018-02-09,8260.505010016886
2018-02-10,8656.496373707645
2018-02-11,8187.758432118701
2018-02-12,8624.788575408094
2018-02-13,8609.229212938275
2018-02-14,9025.757079268242
2018-02-15,9802.718758693472
2018-02-16,10025.766787799235
2018-02-17,10677.391083654165
2018-02-18,10737.516565552467
2018-02-19,10867.51296821518
2018-02-20,11497.781396082059
2018-02-21,10791.642741853471
2018-02-22,10271.704640612517
2018-02-23,10012.342907699236
2018-02-24,9929.979947635144
2018-02-25,9594.672009343754
2018-02-26,9910.358818937351
2018-02-27,10552.471359653446
2018-02-28,10620.163827891987
2018-03-01,10650.136939168427
2018-03-02,10980.858877914345
2018-03-03,11343.97718047829
2018-03-04,11241.467414556737
2018-03-05,11521.0179522
2018-03-06,11020.070332177624
2018-03-07,10399.634202342002
2018-03-08,9705.470064821042
2018-03-09,8908.17492056588
2018-03-10,9237.20362950843
2018-03-11,9059.741348648606
2018-03-12,9435.66977522863
2018-03-13,9155.933942166434
2018-03-14,8767.456078613102
2018-03-15,8111.54381011683
2018-03-16,8315.520123393871
2018-03-17,8077.034957227769
2018-03-18,7678.89727433668
2018-03-19,8355.447551464951
2018-03-20,8623.627348575088
2018-03-21,8983.274716832546
2018-03-22,8791.675286156922
2018-03-23,8530.26188749596
2018-03-24,8857.240489108073
2018-03-25,8535.279987791335
2018-03-26,8206.525321352168
2018-03-27,7965.430010217676
2018-03-28,7916.342618485198
2018-03-29,7517.898248148367
2018-03-30,6887.522776039167
2018-03-31,7005.360662200835
2018-04-01,6796.601292610655
2018-04-02,6977.662770968894
2018-04-03,7325.336386033402
2018-04-04,7077.685461860625
2018-04-05,6757.906435190119
2018-04-06,6649.570056047762
2018-04-07,6892.349425759888
2018-04-08,6988.220222870907
2018-04-09,6891.718413377994
2018-04-10,6779.382299764628
2018-04-11,6880.0317965312715
2018-04-12,7336.35283309118
2018-04-13,7993.1737464525
2018-04-14,8011.290469026132
2018-04-15,8215.062462895481
2018-04-16,8079.964366643194
2018-04-17,8036.063162183472
2018-04-18,8056.8305371725
2018-04-19,8212.899020013274
2018-04-20,8445.136832546876
2018-04-21,8800.071486919653
2018-04-22,8888.48672881939
2018-04-23,8895.167620235328
2018-04-24,9313.931172827291
2018-04-25,9221.42205606861
2018-04-26,8882.861283232152
2018-04-27,9216.859624775
2018-04-28,9239.921222156736
2018-04-29,9355.90747667533
2018-04-30,9290.359647422987
2018-05-01,8988.335162892568
2018-05-02,9112.220234622724
2018-05-03,9379.426677940139
2018-05-04,9656.065965841875
2018-05-05,9828.859749401807
2018-05-06,9615.743948307048
2018-05-07,9343.77748190743
2018-05-08,9260.789437483403
2018-05-09,9192.796870655633
2018-05-10,9265.143065312657
2018-05-11,8701.130783612014
2018-05-12,8422.756684929256
2018-05-13,8550.046166780056
2018-05-14,8579.873873172777
2018-05-15,8641.886150401528
2018-05-16,8282.218513775035
2018-05-17,8277.625406366713
2018-05-18,8106.188912609972
2018-05-19,8254.128463304622
2018-05-20,8362.053475615583
2018-05-21,8455.101553257551
2018-05-22,8232.819020327779
2018-05-23,7784.482606406806
2018-05-24,7537.930291637413
2018-05-25,7486.139521913092
2018-05-26,7489.087612059251
2018-05-27,7316.551009348523
2018-05-28,7255.020113208073
2018-05-29,7292.843306593195
2018-05-30,7432.153647526805
2018-05-31,7499.8283631512495
2018-06-01,7480.84299829972
2018-06-02,7597.067234055134
2018-06-03,7690.580575376417
2018-06-04,7575.547690734594
2018-06-05,7491.558551911621
2018-06-06,7606.309918205722
2018-06-07,7692.468336780489
2018-06-08,7629.2130033346875
2018-06-09,7630.296580175162
2018-06-10,7132.9023552242525
2018-06-11,6759.8252251132035
2018-06-12,6753.589089460501
2018-06-13,6442.1647739675
2018-06-14,6501.880616603492
2018-06-15,6550.60897081655
2018-06-16,6461.054734487242
2018-06-17,6508.827389822978
2018-06-18,6523.090127762315
2018-06-19,6717.885852206457
2018-06-20,6679.931047142312
2018-06-21,6736.42917746421
2018-06-22,6359.013820413769
2018-06-23,6135.543846598101
2018-06-24,6023.889667090954
2018-06-25,6202.876878703204
2018-06-26,6201.552619033611
2018-06-27,6095.577402990859
2018-06-28,6081.380557497769
2018-06-29,5903.335065130555
2018-06-30,6363.4297356092375
2018-07-01,6349.980904651704
2018-07-02,6452.834153986865
2018-07-03,6596.638643573055
2018-07-04,6570.7668527703545
2018-07-05,6581.029784587335
2018-07-06,6541.718840951009
2018-07-07,6573.83082337147
2018-07-08,6738.872118093568
2018-07-09,6705.5258986972185
2018-07-10,6480.199575943741
2018-07-11,6354.0622683221445
2018-07-12,6218.79942459144
2018-07-13,6236.4445591340545
2018-07-14,6235.684070800998
2018-07-15,6318.013231735982
2018-07-16,6521.050186574164
2018-07-17,6877.673884476527
2018-07-18,7402.580819460972
2018-07-19,7390.0907784227775
2018-07-20,7420.196947077817
2018-07-21,7346.385614035323
2018-07-22,7447.7233136951745
2018-07-23,7679.36270530566
2018-07-24,8071.240982005903
2018-07-25,8253.338416176697
2018-07-26,8196.099017028771
2018-07-27,8021.01065509666
2018-07-28,8179.726691680419
2018-07-29,8202.498761161023
2018-07-30,8133.522836619861
2018-07-31,7914.756333562004
2018-08-01,7569.664617535833
2018-08-02,7590.004859834705
2018-08-03,7393.809378578705
2018-08-04,7247.077235219718
2018-08-05,6995.192839452967
2018-08-06,6987.698582031958
2018-08-07,6986.389374262674
2018-08-08,6444.573924300416
2018-08-09,6393.998556452642
2018-08-10,6394.53628856525
2018-08-11,6184.192153670264
2018-08-12,6305.226968673243
2018-08-13,6345.02728895322
2018-08-14,6055.78632100321
2018-08-15,6369.941043951964
2018-08-16,6345.045102085082
2018-08-17,6466.560189308658
2018-08-18,6443.114310452292
2018-08-19,6401.700360865645
2018-08-20,6443.767711567411
2018-08-21,6399.6022826263525
2018-08-22,6578.968414189754
2018-08-23,6433.583567491595
2018-08-24,6552.655532983369
2018-08-25,6713.807658833617
2018-08-26,6670.069420563301
2018-08-27,6713.414651439761
2018-08-28,6988.263179200789
2018-08-29,7049.057380905899
2018-08-30,6926.188248865217
2018-08-31,6979.345931296846
2018-09-01,7110.975123691861
2018-09-02,7240.745144965019
2018-09-03,7260.337289836399
2018-09-04,7322.919696562528
2018-09-05,7112.472917228899
2018-09-06,6421.470819514175
2018-09-07,6443.1701497400145
2018-09-08,6348.917552459344
2018-09-09,6295.95587160883
2018-09-10,6287.235368986377
2018-09-11,6289.496505085358
2018-09-12,6267.719038462472
2018-09-13,6441.487443663274
2018-09-14,6499.971601943513
2018-09-15,6520.3059061677395
2018-09-16,6481.711958450319
2018-09-17,6387.062102187678
2018-09-18,6297.106301475546
2018-09-19,6336.26350039633
2018-09-20,6412.211312953221
2018-09-21,6658.831353718473
2018-09-22,6705.600140284551
2018-09-23,6707.643346377806
2018-09-24,6634.346988715097
2018-09-25,6412.473108576089
2018-09-26,6462.817254197137
2018-09-27,6521.758676072279
2018-09-28,6665.873700380451
2018-09-29,6539.716102934857
2018-09-30,6578.164624514122
2018-10-01,6574.020800956236
2018-10-02,6540.363942092479
2018-10-03,6447.334767598028
2018-10-04,6547.189881402393
2018-10-05,6544.632513832215
2018-10-06,6555.92207326416
2018-10-07,6533.448685133512
2018-10-08,6588.155308965509
2018-10-09,6586.956409233801
2018-10-10,6515.360999924539
2018-10-11,6213.162666325574
2018-10-12,6201.2886770217765
2018-10-13,6195.677906977846
2018-10-14,6226.126020769072
2018-10-15,6375.661029701257
2018-10-16,6437.748762531306
2018-10-17,6438.2216367940755
2018-10-18,6425.72200958746
2018-10-19,6385.387237754245
2018-10-20,6397.217165889297
2018-10-21,6434.035994542514
2018-10-22,6404.876000667331
2018-10-23,6395.178699937049
2018-10-24,6425.405948360048
2018-10-25,6400.662835858652
2018-10-26,6400.8930789676
2018-10-27,6406.251028612422
2018-10-28,6402.290679530041
2018-10-29,6325.211437272038
2018-10-30,6264.195688634461
2018-10-31,6277.87906162504
2018-11-01,6311.718670926255
2018-11-02,6351.6027543431455
2018-11-03,6333.015924337841
2018-11-04,6369.730653024257
2018-11-05,6404.235911384491
2018-11-06,6413.277403035481
2018-11-07,6506.850121359632
2018-11-08,6448.400227260433
2018-11-09,6365.113235244785
2018-11-10,6354.594868746577
2018-11-11,6337.526091595153
2018-11-12,6350.332649825187
2018-11-13,6289.719360132375
2018-11-14,6006.365579261713
2018-11-15,5494.319742337806
2018-11-16,5530.634010195513
2018-11-17,5484.919440832439
2018-11-18,5534.734346708528
2018-11-19,5199.941095205899
2018-11-20,4529.734136204396
2018-11-21,4447.044597243781
2018-11-22,4467.069766823967
2018-11-23,4248.1601826012875
2018-11-24,4197.021848464805
2018-11-25,3756.932172663217
2018-11-26,3850.93591889028
2018-11-27,3702.8837805172943
2018-11-28,4057.294592186074
2018-11-29,4224.798889200141
2018-11-30,4074.566444549822
2018-12-01,4081.6234612502635
2018-12-02,4120.589503435378
2018-12-03,3924.2521580205903
2018-12-04,3904.6032167764747
2018-12-05,3802.1548227022827
2018-12-06,3694.246029112866
2018-12-07,3360.0577535520283
2018-12-08,3385.1274285820377
2018-12-09,3471.6984966057516
2018-12-10,3468.016103915766
2018-12-11,3364.537016282374
2018-12-12,3398.506217892667
2018-12-13,3360.6047049462545
2018-12-14,3232.8290393998554
2018-12-15,3179.059337466953
2018-12-16,3217.3206944749027
2018-12-17,3338.0597870837682
2018-12-18,3508.6576080594255
2018-12-19,3748.438946266992
2018-12-20,3923.3309426052333
2018-12-21,3972.139608782773
2018-12-22,3851.677453704532
2018-12-23,3978.056280943769
2018-12-24,4126.211925575533
2018-12-25,3773.2598637857245
2018-12-26,3778.8918838931786
2018-12-27,3717.5189332764116
2018-12-28,3701.7428552653705
2018-12-29,3873.097677692713
2018-12-30,3787.8872244049617
2018-12-31,3756.609193597024
2019-01-01,3700.6786991842628
2019-01-02,3824.381087968745
2019-01-03,3829.1043907331505
2019-01-04,3784.3332481629905
2019-01-05,3834.1348999003303
2019-01-06,3885.3312363064756
2019-01-07,4022.4037756356242
2019-01-08,4006.8225076284766
2019-01-09,4010.343311736357
2019-01-10,3792.036096844153
2019-01-11,3636.680781558268
2019-01-12,3626.334444156507
2019-01-13,3575.310055370957
2019-01-14,3582.6045220701276
2019-01-15,3640.2933370626533
2019-01-16,3603.489606090332
2019-01-17,3603.1108963190545
2019-01-18,3615.0162402835504
2019-01-19,3676.0489639623165
2019-01-20,3600.567148417238
2019-01-21,3535.8924402909574
2019-01-22,3552.1442090795954
2019-01-23,3568.8892522602328
2019-01-24,3554.4169672165763
2019-01-25,3556.4355556935034
2019-01-26,3571.749735825
2019-01-27,3544.6536098467163
2019-01-28,3436.941291834935
2019-01-29,3397.877534980225
2019-01-30,3424.025729216489
2019-01-31,3424.2888032742458
2019-02-01,3416.5945310711195
2019-02-02,3432.0971087290923
2019-02-03,3424.8240322348647
2019-02-04,3413.9380681214006
2019-02-05,3419.317979059432
2019-02-06,3371.2772503979954
2019-02-07,3366.177812950827
2019-02-08,3455.8028503283185
2019-02-09,3614.850835004142
2019-02-10,3607.8551170725236
2019-02-11,3595.1341640299484
2019-02-12,3577.8738073706313
2019-02-13,3581.973573379468
2019-02-14,3568.8213874426947
2019-02-15,3570.444201253227
2019-02-16,3587.674873840408
2019-02-17,3585.2871700518695
2019-02-18,3756.6733688644977
2019-02-19,3900.7317082503164
2019-02-20,3910.910261047882
2019-02-21,3906.5344646312183
2019-02-22,3925.7113364517213
2019-02-23,3984.9867935983316
2019-02-24,3985.1708804270697
2019-02-25,3793.1636293096726
2019-02-26,3799.54021730301
2019-02-27,3794.9455016428783
2019-02-28,3810.4466529304377
2019-03-01,3813.541283693882
2019-03-02,3804.940802442846
2019-03-03,3800.9875024502203
2019-03-04,3723.4534589791233
2019-03-05,3769.1668693491297
2019-03-06,3839.430915640906
2019-03-07,3861.3062407765815
2019-03-08,3871.9730141896553
2019-03-09,3891.3293129460926
2019-03-10,3892.636875430195
2019-03-11,3862.998870218578
2019-03-12,3847.3392074014164
2019-03-13,3852.8997603182906
2019-03-14,3850.1382019363705
2019-03-15,3878.6403578497334
2019-03-16,3978.6413067432754
2019-03-17,3963.4112159366578
2019-03-18,3968.9576750205015
2019-03-19,3976.945427989934
2019-03-20,3995.9720014332593
2019-03-21,4005.2721333405443
2019-03-22,3981.800272055191
2019-03-23,3980.326499294462
2019-03-24,3968.4624512298406
2019-03-25,3949.1003203494884
2019-03-26,3908.2368516197325
2019-03-27,3994.073715850643
2019-03-28,4009.1424706244766
2019-03-29,4057.981304802248
2019-03-30,4083.9740598408102
2019-03-31,4088.429470008415
2019-04-01,4125.6831563244605
2019-04-02,4649.127833447871
2019-04-03,5038.3857384682415
2019-04-04,4971.545798205428
2019-04-05,4980.670549616034
2019-04-06,5044.045355965485
2019-04-07,5128.484710430338
2019-04-08,5241.454285995178
2019-04-09,5221.160476532493
2019-04-10,5270.750017079167
2019-04-11,5129.666959568337
2019-04-12,5047.457160680197
2019-04-13,5084.583871902046
2019-04-14,5078.929244976849
2019-04-15,5121.256873948459
2019-04-16,5098.903679622812
2019-04-17,5218.597220403338
2019-04-18,5263.827501811347
2019-04-19,5259.180188799351
2019-04-20,5313.194743326632
2019-04-21,5287.273093444014
2019-04-22,5317.854806459386
2019-04-23,5532.974696689755
2019-04-24,5487.736644192154
2019-04-25,5422.877398286108
2019-04-26,5149.359096159833
2019-04-27,5165.037288717595
2019-04-28,5169.575513691467
2019-04-29,5154.816543360673
2019-04-30,5200.883942799437
2019-05-01,5304.521240029992
2019-05-02,5362.3378621555
2019-05-03,5618.799695449649
2019-05-04,5694.984820152441
2019-05-05,5722.166836310575
2019-05-06,5656.92946773529
2019-05-07,5864.269775568942
2019-05-08,5844.480875511197
2019-05-09,6047.488290597907
2019-05-10,6290.828123699582
2019-05-11,6806.487470594301
2019-05-12,7154.955137212108
2019-05-13,7409.110545395542
2019-05-14,7992.089707485139
2019-05-15,8054.58795080882
2019-05-16,7993.425148022654
2019-05-17,7262.418007899236
2019-05-18,7325.731918952022
2019-05-19,7933.926815805219
2019-05-20,7906.096424482974
2019-05-21,7952.526758231085
2019-05-22,7890.294525895414
2019-05-23,7702.740478159249
2019-05-24,7983.34411674
2019-05-25,8046.300617381799
2019-05-26,8128.546958223459
2019-05-27,8784.562189371667
2019-05-28,8727.337766359069
2019-05-29,8648.244324281597
2019-05-30,8632.74396372243
2019-05-31,8351.777835872292
2019-06-01,8543.924060004676
2019-06-02,8670.265812880712
2019-06-03,8532.593172662378
2019-06-04,7850.979304918066
2019-06-05,7773.4777406099365
2019-06-06,7751.680285119097
2019-06-07,7938.729206254172
2019-06-08,7940.525334998871
2019-06-09,7798.498155120775
2019-06-10,7819.548636782073
2019-06-11,7896.83001328662
2019-06-12,8036.509587763997
2019-06-13,8169.588231822863
2019-06-14,8353.217492064301
2019-06-15,8727.687036371808
2019-06-16,9095.289101530438
2019-06-17,9235.84643250591
2019-06-18,9152.500069336693
2019-06-19,9148.013959014454
2019-06-20,9353.226485596455
2019-06-21,9801.486018448264
2019-06-22,10724.805004758333
2019-06-23,10746.900511013213
2019-06-24,10846.846268886111
2019-06-25,11315.817028152778
2019-06-26,12643.582684068057
2019-06-27,11804.629165520835
2019-06-28,11679.438350060458
2019-06-29,11854.537295204309
2019-06-30,11542.551910965278
2019-07-01,10688.3166698925
2019-07-02,10303.94725500368
2019-07-03,11345.214704756945
2019-07-04,11759.042504677083
2019-07-05,11139.493770149722
2019-07-06,11415.369265018246
2019-07-07,11311.476748027972
2019-07-08,11794.103580294362
2019-07-09,12513.873100013898
2019-07-10,12648.777229872221
2019-07-11,11583.33114395625
2019-07-12,11584.532266976355
2019-07-13,11428.59780370119
2019-07-14,10857.02663389106
2019-07-15,10417.313950106389
2019-07-16,10355.675152687838
2019-07-17,9577.424253618541
2019-07-18,10054.174637386319
2019-07-19,10472.448828593728
2019-07-20,10680.276549055905
2019-07-21,10577.614454422584
2019-07-22,10450.15757070691
2019-07-23,10070.725015713153
2019-07-24,9702.591536684678
2019-07-25,10016.95239891381
2019-07-26,9774.724239339519
2019-07-27,9728.204527019096
2019-07-28,9484.91410564371
2019-07-29,9539.378363609232
2019-07-30,9540.448916710371
2019-07-31,9857.746978877918
2019-08-01,10085.104546979135
2019-08-02,10475.070739547553
2019-08-03,10784.832144716524
2019-08-04,10820.892324169707
2019-08-05,11675.761776815843
2019-08-06,11757.580574404448
2019-08-07,11711.54347617361
2019-08-08,11801.34874174218
2019-08-09,11819.342192960974
2019-08-10,11578.771028918323
2019-08-11,11378.23287625414
2019-08-12,11395.233641041492
2019-08-13,11137.508863135605
2019-08-14,10438.670629312179
2019-08-15,10011.09607166713
2019-08-16,10230.707223260682
2019-08-17,10296.331609269493
2019-08-18,10292.527044551449
2019-08-19,10615.609217593968
2019-08-20,10752.164342622098
2019-08-21,10194.123627454297
2019-08-22,10046.304461677862
2019-08-23,10263.66759854155
2019-08-24,10155.542089256625
2019-08-25,10100.656939299779
2019-08-26,10345.745626969783
2019-08-27,10173.438323876944
2019-08-28,10042.66901372292
2019-08-29,9519.19556846485
2019-08-30,9534.77356921509
2019-08-31,9593.48744870225
2019-09-01,9626.724277129408
2019-09-02,9950.81440660014
2019-09-03,10522.2502178007
2019-09-04,10563.647519247545
2019-09-05,10564.875481794745
2019-09-06,10659.807003605336
2019-09-07,10425.199010551292
2019-09-08,10460.721158303626
2019-09-09,10301.052740780628
2019-09-10,10220.789594924785
2019-09-11,10063.616404874574
2019-09-12,10219.738823657242
2019-09-13,10316.605586066476
2019-09-14,10341.913357534813
2019-09-15,10316.66517278883
2019-09-16,10252.573076358103
2019-09-17,10216.732469111426
2019-09-18,10194.849184512006
2019-09-19,9989.622671113486
2019-09-20,10174.286765040259
2019-09-21,10038.312742536116
2019-09-22,9978.878329965726
2019-09-23,9877.505049456991
2019-09-24,9423.226721940335
2019-09-25,8448.935015594028
2019-09-26,8251.523231985982
2019-09-27,8039.224140808507
2019-09-28,8158.789736606589
2019-09-29,8073.9537522231785
2019-09-30,8072.61663108239
2019-10-01,8362.338726063745
2019-10-02,8257.53289737893
2019-10-03,8244.961882187736
2019-10-04,8146.725816650452
2019-10-05,8108.012260229536
2019-10-06,7980.2613741350515
2019-10-07,8040.7742697218755
2019-10-08,8209.567752138215
2019-10-09,8338.767992641348
2019-10-10,8560.788050894631
2019-10-11,8398.90430229132
2019-10-12,8334.023264038153
2019-10-13,8358.546977063059
2019-10-14,8308.311406457333
2019-10-15,8264.18983118871
2019-10-16,8064.522897802507
2019-10-17,8032.837878444004
2019-10-18,7962.841632669792
2019-10-19,7959.600127137167
2019-10-20,8020.29762071857
2019-10-21,8222.446397849375
2019-10-22,8199.58174991533
2019-10-23,7736.604987101156
2019-10-24,7450.100639864555
2019-10-25,7880.584318722863
2019-10-26,9318.768119687275
2019-10-27,9413.283675192668
2019-10-28,9476.646249183541
2019-10-29,9383.479470677568
2019-10-30,9193.173796062196
2019-10-31,9172.688580832568
2019-11-01,9155.013009841965
2019-11-02,9281.022513483938
2019-11-03,9217.61490854777
2019-11-04,9257.235809623842
2019-11-05,9343.976273420221
2019-11-06,9335.804948360492
2019-11-07,9237.518967896272
2019-11-08,8978.654813496512
2019-11-09,8810.738395148996
2019-11-10,8896.594757823768
2019-11-11,8792.92033648704
2019-11-12,8734.287632799298
2019-11-13,8747.939129337929
2019-11-14,8655.655597415272
2019-11-15,8539.642750726829
2019-11-16,8470.01792728436
2019-11-17,8514.029198381428
2019-11-18,8378.876831365851
2019-11-19,8115.508755776789
2019-11-20,8098.433021968151
2019-11-21,7847.416641400139
2019-11-22,7341.804982141348
2019-11-23,7242.5101706531705
2019-11-24,7146.012933634432
2019-11-25,6961.916463382015
2019-11-26,7140.879929910146
2019-11-27,7252.149434008623
2019-11-28,7522.175880529575
2019-11-29,7612.064453473588
2019-11-30,7653.7689299072545
2019-12-01,7353.310525060705
2019-12-02,7309.541874785915
2019-12-03,7319.050655238827
2019-12-04,7276.93770894753
2019-12-05,7328.986921367733
2019-12-06,7405.110015872575
2019-12-07,7532.677123219301
2019-12-08,7495.626457542383
2019-12-09,7460.901284415649
2019-12-10,7300.556087797425
2019-12-11,7210.646917069641
2019-12-12,7172.286553317028
2019-12-13,7226.902418159915
2019-12-14,7164.373492626379
2019-12-15,7089.723106689309
2019-12-16,7032.860391371809
2019-12-17,6790.183639408659
2019-12-18,6770.356285148959
2019-12-19,7148.24314580139
2019-12-20,7150.839262453889
2019-12-21,7148.361459371388
2019-12-22,7228.238391081993
2019-12-23,7504.055563032636
2019-12-24,7296.419569266667
2019-12-25,7210.937964009355
2019-12-26,7221.176955374911
2019-12-27,7191.861071997463
2019-12-28,7298.71325546727
2019-12-29,7345.635970926201
2019-12-30,7297.912752203773
2019-12-31,7199.048192231056
2020-01-01,7195.811552696487
2020-01-02,7072.477633719384
2020-01-03,7218.040866931682
2020-01-04,7321.9194708394125
2020-01-05,7430.027209611765
2020-01-06,7533.920318682505
2020-01-07,7929.897113517025
2020-01-08,8235.62327437288
2020-01-09,7898.569229036523
2020-01-10,7888.135214954419
2020-01-11,8113.360825871817
2020-01-12,8111.715362809296
2020-01-13,8102.893845324075
2020-01-14,8574.611704362778
2020-01-15,8743.692143647291
2020-01-16,8674.415975438429
2020-01-17,8852.80457727625
2020-01-18,8891.817032065532
2020-01-19,8847.166821810988
2020-01-20,8644.707999736622
2020-01-21,8646.193566877122
2020-01-22,8665.685486395549
2020-01-23,8435.60273035554
2020-01-24,8383.32548664732
2020-01-25,8321.535235775193
2020-01-26,8430.129199500634
2020-01-27,8723.53546651094
2020-01-28,9041.676236459416
2020-01-29,9331.033357999097
2020-01-30,9370.89651238228
2020-01-31,9342.279203230486
2020-02-01,9372.44906582662
2020-02-02,9377.036114146764
2020-02-03,9330.40038077672
2020-02-04,9202.938405466666
2020-02-05,9403.167151421294
2020-02-06,9689.41702545611
2020-02-07,9776.736692524168
2020-02-08,9813.044905712388
2020-02-09,10080.722382977692
2020-02-10,9922.395658425208
2020-02-11,9957.71639903565
2020-02-12,10344.23948839375
2020-02-13,10286.246258415278
2020-02-14,10262.061382627084
2020-02-15,10143.891251224097
2020-02-16,9905.533884787154
2020-02-17,9720.587398641319
2020-02-18,9846.395991498055
2020-02-19,10098.862828333078
2020-02-20,9582.24688837118
2020-02-21,9689.81545051362
2020-02-22,9660.397790837422
2020-02-23,9870.245958296518
2020-02-24,9735.050459190896
2020-02-25,9490.032467298817
2020-02-26,9033.42804906368
2020-02-27,8796.161047472153
2020-02-28,8698.50545896493
2020-02-29,8686.213148361267
2020-03-01,8557.198634572245
2020-03-02,8747.60187217889
2020-03-03,8791.293455052884
2020-03-04,8761.143370995134
2020-03-05,9019.792645918415
2020-03-06,9098.213160726615
2020-03-07,9053.832076247834
2020-03-08,8569.848185239665
2020-03-09,7882.121460787501
2020-03-10,7948.20479578624
2020-03-11,7849.994645347669
2020-03-12,6666.8288616819445
2020-03-13,5294.226216340625
2020-03-14,5410.145281967316
2020-03-15,5300.823048177198
2020-03-16,4985.279471287815
2020-03-17,5313.574447863547
2020-03-18,5285.267935995222
2020-03-19,5765.021215411847
2020-03-20,6361.389077256465
2020-03-21,6169.0808638566405
2020-03-22,6132.19254868989
2020-03-23,6105.912299011584
2020-03-24,6653.24717908682
2020-03-25,6662.127716616783
2020-03-26,6671.740301294887
2020-03-27,6692.03163392507
2020-03-28,6227.902488380876
2020-03-29,6104.824055534402
2020-03-30,6274.273825478297
2020-03-31,6451.763185970713
2020-04-01,6308.424179516385
2020-04-02,6724.470570755298
2020-04-03,6814.820556971713
2020-04-04,6773.3763511672105
2020-04-05,6796.675729856812
2020-04-06,7092.209807825685
2020-04-07,7318.081696902664
2020-04-08,7302.501675313943
2020-04-09,7304.8543422836665
2020-04-10,6972.933325834542
2020-04-11,6871.078166278387
2020-04-12,6954.06131225038
2020-04-13,6751.871765907465
2020-04-14,6884.686986010135
2020-04-15,6798.8475537627355
2020-04-16,6914.6664101467095
2020-04-17,7071.901788128172
2020-04-18,7153.9275586031945
2020-04-19,7166.968470350747
2020-04-20,7050.526232960057
2020-04-21,6867.155475591535
2020-04-22,7006.153003182838
2020-04-23,7303.817318437702
2020-04-24,7521.625762324783
2020-04-25,7544.735051663964
2020-04-26,7603.793608820939
2020-04-27,7715.970909100279
2020-04-28,7730.878020961834
2020-04-29,8245.722380213292
2020-04-30,8894.275984848126
2020-05-01,8784.64278472021
2020-05-02,8873.989539326563
2020-05-03,8979.8925886014
2020-05-04,8772.605609500626
2020-05-05,8930.913681363852
2020-05-06,9164.282146281499
2020-05-07,9492.195702154653
2020-05-08,9924.46195119388
2020-05-09,9727.209380738623
2020-05-10,8687.485435756498
2020-05-11,8706.762334109952
2020-05-12,8774.268432777051
2020-05-13,9045.862951861673
2020-05-14,9577.180130024619
2020-05-15,9523.737060923506
2020-05-16,9403.564276661013
2020-05-17,9626.880262499786
2020-05-18,9721.819166062283
2020-05-19,9670.352673392987
2020-05-20,9670.785648144516
2020-05-21,9279.322026266458
2020-05-22,9124.649396746318
2020-05-23,9205.783900625256
2020-05-24,9119.084263966228
2020-05-25,8819.204823993847
2020-05-26,8859.416745109058
2020-05-27,9030.15356131142
2020-05-28,9321.50428794414
2020-05-29,9454.194394877903
2020-05-30,9507.292082854146
2020-05-31,9546.667359008292
2020-06-01,9585.242823246666
2020-06-02,9880.582896244669
2020-06-03,9551.918962460255
2020-06-04,9700.43932304499
2020-06-05,9742.028924931494
2020-06-06,9637.024958752836
2020-06-07,9618.213260328099
2020-06-08,9725.488576168938
2020-06-09,9712.814762248128
2020-06-10,9788.521959529107
2020-06-11,9639.953642159222
2020-06-12,9411.40452584464
2020-06-13,9426.981678573988
2020-06-14,9403.238615212731
2020-06-15,9244.433018226346
2020-06-16,9493.595172876241
2020-06-17,9442.65748125204
2020-06-18,9406.255930210371
2020-06-19,9326.588143206127
2020-06-20,9301.563679662226
2020-06-21,9348.204026697771
2020-06-22,9482.184810315599
2020-06-23,9638.217570861829
2020-06-24,9436.92519585693
2020-06-25,9231.493230758932
2020-06-26,9180.609944562828
2020-06-27,9106.159939018444
2020-06-28,9056.257339322981
2020-06-29,9116.123239307997
2020-06-30,9150.825424038163
2020-07-01,9191.841695595105
2020-07-02,9166.08243554116
2020-07-03,9093.863231727604
2020-07-04,9091.76743531617
2020-07-05,9062.059217030532
2020-07-06,9216.144576610279
2020-07-07,9269.029049758998
2020-07-08,9346.71076847222
2020-07-09,9327.67512244847
2020-07-10,9200.495958052377
2020-07-11,9238.790536103692
2020-07-12,9249.43824694953
2020-07-13,9278.539033505616
2020-07-14,9220.12313770205
2020-07-15,9221.474235418795
2020-07-16,9130.464282660963
2020-07-17,9134.88543046599
2020-07-18,9162.23590497374
2020-07-19,9154.807427888658
2020-07-20,9177.715587053488
2020-07-21,9309.146587307878
2020-07-22,9366.08121152948
2020-07-23,9541.144946620196
2020-07-24,9557.22859637074
2020-07-25,9619.470008863225
2020-07-26,9834.34345093737
2020-07-27,10435.77195985602
2020-07-28,10985.119592693056
2020-07-29,11096.370981655053
2020-07-30,11033.542140439722
2020-07-31,11196.163887413408
2020-08-01,11610.522017505587
2020-08-02,11333.746837542161
2020-08-03,11255.501070308339
2020-08-04,11243.48303516028
2020-08-05,11465.564492601672
2020-08-06,11755.581199804166
2020-08-07,11716.41160780544
2020-08-08,11685.075270792426
2020-08-09,11672.13134572093
2020-08-10,11899.919358701876
2020-08-11,11632.641652881699
2020-08-12,11463.679295341904
2020-08-13,11551.097077250175
2020-08-14,11755.18194227298
2020-08-15,11876.953385832172
2020-08-16,11850.765200290209
2020-08-17,12056.323421185625
2020-08-18,12164.40358757818
2020-08-19,11797.51651098125
2020-08-20,11799.526727126486
2020-08-21,11744.323115112576
2020-08-22,11559.842808898175
2020-08-23,11623.091878436791
2020-08-24,11733.966268063905
2020-08-25,11506.833402339887
2020-08-26,11405.160311917933
2020-08-27,11346.124717479443
2020-08-28,11442.939620304409
2020-08-29,11507.10433766596
2020-08-30,11609.048559349363
2020-08-31,11685.020310521588
2020-09-01,11874.642536686848
2020-09-02,11576.25306907446
2020-09-03,11039.063579204309
2020-09-04,10391.276090070347
2020-09-05,10268.003898553521
2020-09-06,10201.799719070521
2020-09-07,10159.82153465522
2020-09-08,10146.578532762562
2020-09-09,10188.169891084857
2020-09-10,10339.35989595404
2020-09-11,10303.242946947663
2020-09-12,10373.259994796503
2020-09-13,10393.662602084098
2020-09-14,10332.429402
